"0","df_capitulos_ordinal <- df_capitulos %>%"
"0","  mutate(capitulo_ordinal=row_number()) %>%"
"0","  select(capitulo_ordinal,everything())"
"0","df_capitulos_ordinal %>% glimpse"
"1","Rows: 148"
"1",""
"1","
"
"1","Columns: 3"
"1",""
"1","
"
"1","$ capitulo_ordinal [3m[38;5;246m<int>[39m[23m 1, 2, 3, 4, 5, 6, 7, 8, 9, 10, 11, 12, 13, 14, 15, 16, 17, 18, 19, 20, 21, 22, 23, 24, 25, …
$ capitulo         [3m[38;5;246m<chr>[39m[23m ""I"", ""II."", ""III"", ""IV"", ""V"", ""VI"", ""VII"", ""VIII"", ""IX"", ""X"", ""XI"", ""XII"", ""XIII"", ""XIV"", ""…
$ titulo           [3m[38;5;246m<chr>[39m[23m ""Do titulo."", ""Do livro."", ""A denuncia."", ""Um dever amarissimo!"", ""O aggregado."", ""Tio Cosm…"
"1",""
"1","
"
