"0","df_covid_renamed <- df_covid_deaths %>%"
"0","  select(Date,`Country/Region`,Value) %>%"
"0","  rename(country=`Country/Region`,deaths=Value)"
"0",""
"0","df_covid_renamed %>% glimpse"
"1","Rows: 28,462"
"1",""
"1","
"
"1","Columns: 3"
"1",""
"1","
"
"1","$ Date    [3m[90m<date>[39m[23m 2020-05-07, 2020-05-06, 2020-05-05, 2020-05-04, 2020-05-03, 2020-05-02, 2020-05-01, 2020-04-30, 2020-0…
$ country [3m[90m<chr>[39m[23m ""Afghanistan"", ""Afghanistan"", ""Afghanistan"", ""Afghanistan"", ""Afghanistan"", ""Afghanistan"", ""Afghanistan""…
$ deaths  [3m[90m<dbl>[39m[23m 106, 104, 95, 90, 85, 72, 68, 64, 60, 58, 57, 50, 47, 43, 42, 40, 36, 36, 33, 30, 30, 30, 25, 23, 21, 1…"
"1",""
"1","
"
