Primeiro Nome,Sobrenome,Celular,Email,Zoom Login,Area Profissional,"Grupo
(I,II,III,IV,V,VI)",GitHub,URL Projeto,Conseguiu Push
Alexandre,Oliveira,992972271,alexanfo@gmail.com,alexanfo@gmail.com,Engenheiro,I,AlexandreFO,https://github.com/AlexandreFO/MDT-First,sim
André ,Cruz,21965757030,andre.camargo.cruz@gmail.com,andre.camargo.cruz@gmail.com,Economista,II,smice5,https://github.com/smice5/MDT01,Não
Bruno,Teixeira,98811-4510,brunomelloteixeira@gmail.com,brunoteixeira@puc-rio.br,Informática,III,brunomtei,https://github.com/brunomtei/MDT-01,Sim
Carina,Bonifacio,97428-1111,carinabonifacio13@gmail.com,carinabonifacio13@gmail.com,Design,IV,carinabonifacio13,https://github.com/carinabonifacio13/mdt01,sim
Carlos,Papani,991924432,papanibr@gmail.com,papanibr@gmail.com,Engenheiro de computação,III,papanibr,https://github.com/papanibr/mdt01,
Carlos,Ripper,(21)999174822,carlos.ripper@globo.com,carlos.ripper@globo.com,Economista,V,CRIPPER-MDT,https://github.com/CRIPPER-MDT/MDT01,
Cristiana,Cunha,99228-8800,cristianarcunha@globo.com,,,III,Cristiana1212,https://github.com/Cristiana1212/MDT,
Edivaldo,Reis,975763975,edivaldojr@bol.com.br,edivaldo.reis@tegraincorporadora.com.br,Engenheiro,II,edivaldobarretodosreisjunior,https://github.com/edivaldobarretodosreisjunior/MDT-First,
Fernanda,Campos,99764-2109,nandacampos88@gmail.com,nandacampos88@gmail.com,Proc. Justiça,I,Fernanda-Campos,https://github.com/Fernanda-Campos/MDT-First,
Humberto,Braga,993963207,hvbraga@gmail.com,hvbraga@gmail.com,,II,hbrag,https://github.com/hbrag/MDT-First,
Ieda,Rozenfeld,972114346,iedarozenfeld@hotmail.com,iedarozenfeld@hotmail.com,Cineasta,IV,iedarozenfeld,https://github.com/iedarozenfeld/MDT-First,sim
João,Martins,97221290,joaolsm@gmail.com,joaolsm@gmail.com,Engenheiro Telecom,IV,Joaolsm,https://github.com/Joaolsm/MDT-First,Sim
Jorge,Cleber,(21) 97574-0744,jctajunior@gmail.com,jctajunior@gmail.com,Eng. Computação,IV,jorgecleber,https://github.com/jorgecleber/MDT-First,
Juliana,Noronha,21992044559,julisn13@gmail.com.com ,,,III,,,
Kim,Gomes,984880081,kimsan94@gmail.com,kimsan94@gmail.com,Adm / Marketing,II,kimsan94,https://github.com/kimsan94/MDT,Não
Mariana,Andrade,97239-5377,mapacc.rj@gmail.com,mapacc.rj@gmail.com,Analista Logist/ Time Func. Sistema,I,mariana1805,https://github.com/Mariana1805/MDT-First,"Não. Erro: C:/Users/mariana.andrade/AppData/Local/Programs/Git/bin/git.exe push
error: src refspec refs/heads/master does not match any
error: failed to push some refs to 'https://github.com/Mariana1805/MDT-First'
"
Marilia ,Martins,21996356274,mariliamar@gmail.com,,,III,mariliamartins,https://github.com/mariliamartins/MDT-First.git,
Matheus,Chaguri,992857503,mathgchaguri@gmail.com,mathgchaguri@gmail.com,Administrador,II,mchag,https://github.com/mchag/MDT---First,Não: fatal: unable to auto-detect email address
Monica,Costa,21967830356,monicaacosta1959@gmail.com,monica.costa@hpe.com,Engenheira Eletronica,V,monicaacosta,https://github.com/monicaacosta/MDT-First,
Monica,Athayde,,,,,I,,,
Natalia,Cupello,981845815,nataliaccupello@gmail.com,nataliaccupello@gmail.com,Economista,IV,nataliamdt,https://github.com/nataliamdt/MDT-First,
Renato,Vianna,21 993729212,renato.vianna@wosi.com.br,renato.vianna@wosi.com.br,Administrador,I,renatov19,https://github.com/renatov19/MDT-FIRST,
Ricardo,Medeiros Penna,986861908,ricardomp@gmail.com,ricardomp@gmail.com,Informática,V,ricardomp,https://github.com/ricardomp/MDTDSClass,Sim
Rodrigo,Cabral,993227412,rodrigocabral1@gmail.com,rodrigocabral1@gmail.com,Marketing,V,rodrigocabral1,https://github.com/rodrigocabral1/MDT-First.git,
Suzanna,Romano,(21)99223-6233,Suzanna.romano@gmail.com,Suzanna.romano@gmail.com,,V,,,
Vinicius,Camara,5521988779506,vinicius71@gmail.com,vinicius71@gmail.com,,I,viniciusmelocamara,https://github.com/viniciusmelocamara/MDT-First,sim
Iverton,Darlan,(21)990168011,iverton@poli.ufrj.br,,,0,ivertonN,https://github.com/ivertonN/MDT-First,
Thomás,Jagoda,(21)993385927,thomasjagoda@poli.ufrj.br,,,0,JagodaT,,
Dan,Rreznik,(21) 985747382,dreznik@gmail.com,,,0,dan-reznik,https://github.com/dan-reznik/MDT-First,
,,,,,,,,,
,,,,,,,,,
,,,,,,,,,
,,,,,,,,,
,,,,,,,,,
,,,,,,,,,
,,,,,,,,,
,,,,,,,,,
,,,,,,,,,
,,,,,,,,,
,,,,,,,,,
,,,,,,,,,
,,,,,,,,,
,,,,,,,,,
,,,,,,,,,
,,,,,,,,,
,,,,,,,,,
,,,,,,,,,
,,,,,,,,,
,,,,,,,,,
,,,,,,,,,
,,,,,,,,,
,,,,,,,,,
,,,,,,,,,
,,,,,,,,,
,,,,,,,,,
,,,,,,,,,
,,,,,,,,,
,,,,,,,,,
,,,,,,,,,
,,,,,,,,,
,,,,,,,,,
,,,,,,,,,
,,,,,,,,,
,,,,,,,,,
Monica,Atahyde,,,,,,,,