{"chunk_definitions":[{"chunk_id":"cvw35zf4y0luc","chunk_label":"unnamed-chunk-1","document_id":"87B2A1EA","expansion_state":0,"options":{"engine":"r","label":"unnamed-chunk-40"},"row":21,"row_count":1,"visible":true},{"chunk_id":"cfjw5vziy31ss","chunk_label":"unnamed-chunk-2","document_id":"87B2A1EA","expansion_state":0,"options":{"engine":"r","label":"unnamed-chunk-41"},"row":29,"row_count":1,"visible":true},{"chunk_id":"cn5jv7nappae0","chunk_label":"unnamed-chunk-3","document_id":"87B2A1EA","expansion_state":0,"options":{"engine":"r","label":"unnamed-chunk-42"},"row":35,"row_count":1,"visible":true},{"chunk_id":"c2tb1i7hkl24n","chunk_label":"unnamed-chunk-4","document_id":"87B2A1EA","expansion_state":0,"options":{"engine":"r","label":"unnamed-chunk-43"},"row":41,"row_count":1,"visible":true},{"chunk_id":"cjw2cztxv5n3e","chunk_label":"unnamed-chunk-5","document_id":"87B2A1EA","expansion_state":0,"options":{"engine":"r","label":"unnamed-chunk-44"},"row":47,"row_count":1,"visible":true},{"chunk_id":"c8gf8h992zcbe","chunk_label":"unnamed-chunk-6","document_id":"87B2A1EA","expansion_state":0,"options":{"engine":"r","label":"unnamed-chunk-45"},"row":51,"row_count":1,"visible":true},{"chunk_id":"cgg1meoicvcfl","chunk_label":"unnamed-chunk-7","document_id":"87B2A1EA","expansion_state":0,"options":{"engine":"r","label":"unnamed-chunk-46"},"row":57,"row_count":1,"visible":true},{"chunk_id":"cz3h018envud1","chunk_label":"unnamed-chunk-8","document_id":"87B2A1EA","expansion_state":0,"options":{"engine":"r","label":"unnamed-chunk-47"},"row":66,"row_count":1,"visible":true},{"chunk_id":"crtp8nryr7336","chunk_label":"unnamed-chunk-9","document_id":"87B2A1EA","expansion_state":0,"options":{"engine":"r","label":"unnamed-chunk-48"},"row":71,"row_count":1,"visible":true},{"chunk_id":"c4vtaerdilkia","chunk_label":"unnamed-chunk-10","document_id":"87B2A1EA","expansion_state":0,"options":{"engine":"r","label":"unnamed-chunk-21"},"row":75,"row_count":1,"visible":true},{"chunk_id":"csb43qjmw9uvl","chunk_label":"unnamed-chunk-11","document_id":"87B2A1EA","expansion_state":0,"options":{"engine":"r","label":"unnamed-chunk-49"},"row":85,"row_count":1,"visible":true},{"chunk_id":"chueva18hy6gq","chunk_label":"unnamed-chunk-12","document_id":"87B2A1EA","expansion_state":0,"options":{"engine":"r","label":"unnamed-chunk-50"},"row":92,"row_count":1,"visible":true},{"chunk_id":"crv53n4t04ezc","chunk_label":"unnamed-chunk-13","document_id":"87B2A1EA","expansion_state":0,"options":{"engine":"r","label":"unnamed-chunk-51"},"row":100,"row_count":1,"visible":true},{"chunk_id":"c9hb5cqqzet9w","chunk_label":"unnamed-chunk-14","document_id":"87B2A1EA","expansion_state":0,"options":{"engine":"r","label":"unnamed-chunk-52"},"row":107,"row_count":1,"visible":true},{"chunk_id":"cmicbkh21taa9","chunk_label":"unnamed-chunk-15","document_id":"87B2A1EA","expansion_state":0,"options":{"engine":"r","label":"unnamed-chunk-31"},"row":114,"row_count":1,"visible":true},{"chunk_id":"c197ghkxme2k2","chunk_label":"unnamed-chunk-16","document_id":"87B2A1EA","expansion_state":0,"options":{"engine":"r","label":"unnamed-chunk-53"},"row":125,"row_count":1,"visible":true},{"chunk_id":"cw0ddo9niix9d","chunk_label":"unnamed-chunk-17","document_id":"87B2A1EA","expansion_state":0,"options":{"engine":"r","label":"unnamed-chunk-56"},"row":137,"row_count":1,"visible":true},{"chunk_id":"c8y4zwhsp59yq","chunk_label":"unnamed-chunk-18","document_id":"87B2A1EA","expansion_state":0,"options":{"engine":"r","label":"unnamed-chunk-32"},"row":148,"row_count":1,"visible":true},{"chunk_id":"c9g58eqm6tdoq","chunk_label":"unnamed-chunk-19","document_id":"87B2A1EA","expansion_state":0,"options":{"engine":"r","label":"unnamed-chunk-55"},"row":158,"row_count":1,"visible":true},{"chunk_id":"czhlkceo0a0ww","chunk_label":"unnamed-chunk-20","document_id":"87B2A1EA","expansion_state":0,"options":{"engine":"r","label":"unnamed-chunk-57"},"row":167,"row_count":1,"visible":true},{"chunk_id":"c4k1imxf6iwyt","chunk_label":"unnamed-chunk-21","document_id":"87B2A1EA","expansion_state":0,"options":{"engine":"r","label":"unnamed-chunk-58"},"row":178,"row_count":1,"visible":true},{"chunk_id":"ca355dv4c3pyq","chunk_label":"unnamed-chunk-22","document_id":"87B2A1EA","expansion_state":0,"options":{"engine":"r","label":"unnamed-chunk-63"},"row":190,"row_count":1,"visible":true},{"chunk_id":"cru20c3wip46b","chunk_label":"unnamed-chunk-23","document_id":"87B2A1EA","expansion_state":0,"options":{"engine":"r","label":"unnamed-chunk-64"},"row":200,"row_count":1,"visible":true},{"chunk_id":"cpvovnyun7qm2","chunk_label":"unnamed-chunk-32","document_id":"87B2A1EA","expansion_state":0,"options":{"engine":"r","label":"unnamed-chunk-65"},"row":312,"row_count":1,"visible":true}],"chunk_rendered_width":700,"doc_write_time":1589039345}