{"chunk_definitions":[{"chunk_id":"cjpqofj16xrk2","chunk_label":"unnamed-chunk-1","document_id":"85B983A8","expansion_state":0,"options":{"engine":"r","label":"unnamed-chunk-1"},"row":13,"row_count":1,"visible":true},{"chunk_id":"cjw707dfvpc1i","chunk_label":"unnamed-chunk-2","document_id":"85B983A8","expansion_state":0,"options":{"engine":"r","label":"unnamed-chunk-2"},"row":21,"row_count":1,"visible":true},{"chunk_id":"cahacp47ykfkv","chunk_label":"unnamed-chunk-5","document_id":"355600E5","expansion_state":1,"options":{"engine":"r","label":"unnamed-chunk-4"},"row":39,"row_count":1,"visible":true},{"chunk_id":"cocbzr7l94psg","chunk_label":"unnamed-chunk-6","document_id":"85B983A8","expansion_state":0,"options":{"engine":"r","label":"unnamed-chunk-5"},"row":48,"row_count":1,"visible":true},{"chunk_id":"c82hccvp6o1qr","chunk_label":"unnamed-chunk-7","document_id":"85B983A8","expansion_state":0,"options":{"engine":"r","label":"unnamed-chunk-6"},"row":57,"row_count":1,"visible":true},{"chunk_id":"cnls9poj8x5np","chunk_label":"unnamed-chunk-10","document_id":"85B983A8","expansion_state":0,"options":{"engine":"r","label":"unnamed-chunk-19"},"row":82,"row_count":1,"visible":true},{"chunk_id":"cwne7tkuj6nnc","chunk_label":"unnamed-chunk-11","document_id":"355600E5","expansion_state":0,"options":{"engine":"r","label":"unnamed-chunk-20"},"row":92,"row_count":1,"visible":true},{"chunk_id":"cbcicor87uszc","chunk_label":"unnamed-chunk-12","document_id":"355600E5","expansion_state":0,"options":{"engine":"r","label":"unnamed-chunk-24"},"row":103,"row_count":1,"visible":true},{"chunk_id":"cjyliab4wmf01","chunk_label":"unnamed-chunk-15","document_id":"355600E5","expansion_state":0,"options":{"engine":"r","label":"unnamed-chunk-26"},"row":134,"row_count":1,"visible":true},{"chunk_id":"cjq2gorkbuggw","chunk_label":"unnamed-chunk-16","document_id":"355600E5","expansion_state":0,"options":{"engine":"r","label":"unnamed-chunk-29"},"row":145,"row_count":1,"visible":true},{"chunk_id":"c5dtbqg4dd8jq","chunk_label":"unnamed-chunk-17","document_id":"355600E5","expansion_state":0,"options":{"engine":"r","label":"unnamed-chunk-17"},"row":155,"row_count":1,"visible":true},{"chunk_id":"c1jvakwlkhpmk","chunk_label":"unnamed-chunk-18","document_id":"6E8CFEA8","expansion_state":0,"options":{"engine":"r","label":"unnamed-chunk-50"},"row":167,"row_count":1,"visible":true},{"chunk_id":"cwrzsnwwkvfyx","chunk_label":"unnamed-chunk-19","document_id":"6E8CFEA8","expansion_state":0,"options":{"engine":"r","label":"unnamed-chunk-35"},"row":177,"row_count":1,"visible":true},{"chunk_id":"cgho4bfjmvhwe","chunk_label":"unnamed-chunk-20","document_id":"6E8CFEA8","expansion_state":0,"options":{"engine":"r","label":"unnamed-chunk-38"},"row":190,"row_count":1,"visible":true},{"chunk_id":"c03s6kiiyhacd","chunk_label":"unnamed-chunk-21","document_id":"6E8CFEA8","expansion_state":0,"options":{"engine":"r","label":"unnamed-chunk-39"},"row":197,"row_count":1,"visible":true},{"chunk_id":"cp6ipqou4bluv","chunk_label":"unnamed-chunk-22","document_id":"6E8CFEA8","expansion_state":0,"options":{"engine":"r","label":"unnamed-chunk-40"},"row":204,"row_count":1,"visible":true},{"chunk_id":"c7d9pz99d42p8","chunk_label":"unnamed-chunk-23","document_id":"6E8CFEA8","expansion_state":0,"options":{"engine":"r","label":"unnamed-chunk-41"},"row":218,"row_count":1,"visible":true}],"chunk_rendered_width":700,"doc_write_time":1588967861}