"0",""
"0","df_nova_palavras <- tibble(palavra=minhas_frases %>% "
"0","                             str_split("" +"") %>%"
"0","                             unlist, indice=1:length(palavra)) %>%"
"0","                             select(indice,palavra)"
"0",""
"0",""
"0","df_nova_palavras %>%"
"0","  mutate(palavra=str_to_lower(palavra)%>%iconv(to=""ASCII//TRANSLIT"")) %>%"
"0","  count(palavra,sort=T) %>%"
"0","  head(6) %>%"
"0","  mutate(palavra=palavra %>% fct_inorder %>% fct_rev) %>%"
"0","  ggplot(aes(palavra,n,fill=palavra)) +"
"0","  geom_col() +"
"0","  coord_flip() +"
"0","  theme(legend.position=""none"")"
