"0","df_turma_formatos <- df_turma %>%"
"0","  select(Sobrenome) %>%"
"0","  #bind_rows(tibble(Celular=c(""21 99999 8x88"",""dan rEznik""))) %>%"
"0","  # remove espurios"
"0","  # mutate(Celular=str_remove_all(Celular,""[- \\(\\)]"")) %>%"
"0","  # replace digitos por ""N"""
"0","  mutate(fmt=str_replace_all(Sobrenome,"
"0","                             c(""[:digit:]""=""9"","
"0","                               ""[:lower:]""=""a"","
"0","                               ""[:upper:]""=""A"")))"
"0",""
"0","df_turma_formatos"
