{"chunk_definitions":[{"chunk_id":"cka6som6iqlx9","chunk_label":"unnamed-chunk-2","document_id":"476526AF","expansion_state":0,"options":{"engine":"r","label":"unnamed-chunk-2"},"row":15,"row_count":1,"visible":true},{"chunk_id":"cpawrjeeruuri","chunk_label":"unnamed-chunk-3","document_id":"476526AF","expansion_state":0,"options":{"engine":"r","label":"unnamed-chunk-3"},"row":21,"row_count":1,"visible":true},{"chunk_id":"cnhvp8op5lb9t","chunk_label":"unnamed-chunk-4","document_id":"476526AF","expansion_state":0,"options":{"engine":"r","label":"unnamed-chunk-23"},"row":27,"row_count":1,"visible":true},{"chunk_id":"cyn11xnbhwews","chunk_label":"unnamed-chunk-5","document_id":"476526AF","expansion_state":0,"options":{"engine":"r","label":"unnamed-chunk-5"},"row":33,"row_count":1,"visible":true},{"chunk_id":"csiq4n3ub30eh","chunk_label":"unnamed-chunk-6","document_id":"476526AF","expansion_state":0,"options":{"engine":"r","label":"unnamed-chunk-9"},"row":39,"row_count":1,"visible":true},{"chunk_id":"c2wax9yipzs3h","chunk_label":"unnamed-chunk-7","document_id":"476526AF","expansion_state":0,"options":{"engine":"r","label":"unnamed-chunk-10"},"row":45,"row_count":1,"visible":true},{"chunk_id":"c3pmivcdpfvq9","chunk_label":"unnamed-chunk-8","document_id":"D12C051E","expansion_state":0,"options":{"engine":"r","label":"unnamed-chunk-14"},"row":51,"row_count":1,"visible":true},{"chunk_id":"cs5h30904kysz","chunk_label":"unnamed-chunk-9","document_id":"D12C051E","expansion_state":0,"options":{"engine":"r","label":"unnamed-chunk-15"},"row":57,"row_count":1,"visible":true},{"chunk_id":"cbmouooyxufoa","chunk_label":"unnamed-chunk-10","document_id":"476526AF","expansion_state":0,"options":{"engine":"r","label":"unnamed-chunk-17"},"row":64,"row_count":1,"visible":true},{"chunk_id":"cjk5t6kna8vt2","chunk_label":"unnamed-chunk-11","document_id":"476526AF","expansion_state":0,"options":{"engine":"r","label":"unnamed-chunk-18"},"row":70,"row_count":1,"visible":true},{"chunk_id":"c71k17ditni5m","chunk_label":"unnamed-chunk-12","document_id":"476526AF","expansion_state":0,"options":{"engine":"r","label":"unnamed-chunk-19"},"row":78,"row_count":1,"visible":true},{"chunk_id":"cfhm45f58t3v3","chunk_label":"unnamed-chunk-13","document_id":"476526AF","expansion_state":0,"options":{"engine":"r","label":"unnamed-chunk-20"},"row":84,"row_count":1,"visible":true},{"chunk_id":"cx6k8dozf50yy","chunk_label":"unnamed-chunk-14","document_id":"476526AF","expansion_state":0,"options":{"engine":"r","label":"unnamed-chunk-21"},"row":90,"row_count":1,"visible":true},{"chunk_id":"c8wjsul4cga3w","chunk_label":"unnamed-chunk-15","document_id":"476526AF","expansion_state":0,"options":{"engine":"r","label":"unnamed-chunk-24"},"row":94,"row_count":1,"visible":true},{"chunk_id":"cai1dg2fqusco","chunk_label":"unnamed-chunk-16","document_id":"476526AF","expansion_state":0,"options":{"engine":"r","label":"unnamed-chunk-26"},"row":103,"row_count":1,"visible":true},{"chunk_id":"c5nteo8ch6pts","chunk_label":"unnamed-chunk-17","document_id":"476526AF","expansion_state":0,"options":{"engine":"r","label":"unnamed-chunk-27"},"row":111,"row_count":1,"visible":true},{"chunk_id":"cvg9ifv1b7no5","chunk_label":"unnamed-chunk-18","document_id":"476526AF","expansion_state":0,"options":{"engine":"r","label":"unnamed-chunk-28"},"row":118,"row_count":1,"visible":true},{"chunk_id":"c22kpil526700","chunk_label":"unnamed-chunk-19","document_id":"476526AF","expansion_state":0,"options":{"engine":"r","label":"unnamed-chunk-29"},"row":127,"row_count":1,"visible":true},{"chunk_id":"cq60p3pdu45mf","chunk_label":"unnamed-chunk-20","document_id":"476526AF","expansion_state":0,"options":{"engine":"r","label":"unnamed-chunk-30"},"row":133,"row_count":1,"visible":true},{"chunk_id":"clr0l6f68ruun","chunk_label":"unnamed-chunk-22","document_id":"D12C051E","expansion_state":0,"options":{"engine":"r","label":"unnamed-chunk-32"},"row":152,"row_count":1,"visible":true},{"chunk_id":"cc0w422bgfybk","chunk_label":"unnamed-chunk-24","document_id":"476526AF","expansion_state":0,"options":{"engine":"r","label":"unnamed-chunk-35"},"row":172,"row_count":1,"visible":true},{"chunk_id":"ckwbd9w9qw3ot","chunk_label":"unnamed-chunk-25","document_id":"476526AF","expansion_state":0,"options":{"engine":"r","label":"unnamed-chunk-36"},"row":178,"row_count":1,"visible":true},{"chunk_id":"cfq3tu37584tc","chunk_label":"unnamed-chunk-26","document_id":"476526AF","expansion_state":0,"options":{"engine":"r","label":"unnamed-chunk-40"},"row":187,"row_count":1,"visible":true},{"chunk_id":"c3assmqsfxf9q","chunk_label":"unnamed-chunk-27","document_id":"476526AF","expansion_state":0,"options":{"engine":"r","label":"unnamed-chunk-41"},"row":193,"row_count":1,"visible":true},{"chunk_id":"cksd9n29fiyn5","chunk_label":"unnamed-chunk-28","document_id":"476526AF","expansion_state":0,"options":{"engine":"r","label":"unnamed-chunk-42"},"row":199,"row_count":1,"visible":true},{"chunk_id":"c8x61de42y59x","chunk_label":"unnamed-chunk-29","document_id":"476526AF","expansion_state":0,"options":{"engine":"r","label":"unnamed-chunk-43"},"row":205,"row_count":1,"visible":true},{"chunk_id":"cdraewo0e2wp2","chunk_label":"unnamed-chunk-30","document_id":"476526AF","expansion_state":0,"options":{"engine":"r","label":"unnamed-chunk-44"},"row":212,"row_count":1,"visible":true},{"chunk_id":"cfojinu06tpd8","chunk_label":"unnamed-chunk-31","document_id":"476526AF","expansion_state":0,"options":{"engine":"r","label":"unnamed-chunk-45"},"row":221,"row_count":1,"visible":true},{"chunk_id":"chfl91my2bmv7","chunk_label":"unnamed-chunk-32","document_id":"476526AF","expansion_state":0,"options":{"engine":"r","label":"unnamed-chunk-123"},"row":228,"row_count":1,"visible":true},{"chunk_id":"c5x73u6jxu4y5","chunk_label":"unnamed-chunk-33","document_id":"476526AF","expansion_state":0,"options":{"engine":"r","label":"unnamed-chunk-47"},"row":236,"row_count":1,"visible":true},{"chunk_id":"cjher57udjejh","chunk_label":"unnamed-chunk-34","document_id":"D12C051E","expansion_state":0,"options":{"engine":"r","label":"unnamed-chunk-48"},"row":244,"row_count":1,"visible":true},{"chunk_id":"cyldcoyguyoae","chunk_label":"unnamed-chunk-35","document_id":"476526AF","expansion_state":0,"options":{"engine":"r","label":"unnamed-chunk-167"},"row":258,"row_count":1,"visible":true},{"chunk_id":"c8rxf7xp84gr6","chunk_label":"unnamed-chunk-36","document_id":"476526AF","expansion_state":0,"options":{"engine":"r","label":"unnamed-chunk-1"},"row":268,"row_count":1,"visible":true},{"chunk_id":"cavy1wua7jtaf","chunk_label":"unnamed-chunk-37","document_id":"476526AF","expansion_state":0,"options":{"engine":"r","label":"unnamed-chunk-136"},"row":274,"row_count":1,"visible":true},{"chunk_id":"cf2iy4scndxx1","chunk_label":"unnamed-chunk-38","document_id":"476526AF","expansion_state":0,"options":{"engine":"r","label":"unnamed-chunk-138"},"row":281,"row_count":1,"visible":true},{"chunk_id":"c8hmrub7s4kwe","chunk_label":"unnamed-chunk-39","document_id":"476526AF","expansion_state":0,"options":{"engine":"r","label":"unnamed-chunk-140"},"row":287,"row_count":1,"visible":true},{"chunk_id":"cbdoew9sp3kpd","chunk_label":"unnamed-chunk-40","document_id":"476526AF","expansion_state":0,"options":{"engine":"r","label":"unnamed-chunk-153"},"row":293,"row_count":1,"visible":true},{"chunk_id":"clxwa4hwjcywx","chunk_label":"unnamed-chunk-41","document_id":"476526AF","expansion_state":0,"options":{"engine":"r","label":"unnamed-chunk-157"},"row":299,"row_count":1,"visible":true},{"chunk_id":"cid1eu9ub9ass","chunk_label":"unnamed-chunk-42","document_id":"476526AF","expansion_state":0,"options":{"engine":"r","label":"unnamed-chunk-4"},"row":309,"row_count":1,"visible":true},{"chunk_id":"cxlg3tvv05hx4","chunk_label":"unnamed-chunk-43","document_id":"476526AF","expansion_state":0,"options":{"engine":"r","label":"unnamed-chunk-6"},"row":315,"row_count":1,"visible":true},{"chunk_id":"c6bje7h02uxov","chunk_label":"unnamed-chunk-44","document_id":"476526AF","expansion_state":0,"options":{"engine":"r","label":"unnamed-chunk-8"},"row":322,"row_count":1,"visible":true}],"doc_write_time":1590263808}