{"chunk_definitions":[{"chunk_id":"cka6som6iqlx9","chunk_label":"unnamed-chunk-2","document_id":"476526AF","expansion_state":0,"options":{"engine":"r","label":"unnamed-chunk-30"},"row":15,"row_count":1,"visible":true},{"chunk_id":"cpawrjeeruuri","chunk_label":"unnamed-chunk-3","document_id":"476526AF","expansion_state":0,"options":{"engine":"r","label":"unnamed-chunk-31"},"row":21,"row_count":1,"visible":true},{"chunk_id":"cnhvp8op5lb9t","chunk_label":"unnamed-chunk-4","document_id":"476526AF","expansion_state":0,"options":{"engine":"r","label":"unnamed-chunk-32"},"row":27,"row_count":1,"visible":true},{"chunk_id":"cyn11xnbhwews","chunk_label":"unnamed-chunk-5","document_id":"476526AF","expansion_state":0,"options":{"engine":"r","label":"unnamed-chunk-11"},"row":33,"row_count":1,"visible":true},{"chunk_id":"csiq4n3ub30eh","chunk_label":"unnamed-chunk-6","document_id":"476526AF","expansion_state":0,"options":{"engine":"r","label":"unnamed-chunk-10"},"row":39,"row_count":1,"visible":true},{"chunk_id":"c2wax9yipzs3h","chunk_label":"unnamed-chunk-7","document_id":"476526AF","expansion_state":0,"options":{"engine":"r","label":"unnamed-chunk-89"},"row":45,"row_count":1,"visible":true},{"chunk_id":"couqg1g4l5s55","chunk_label":"unnamed-chunk-8","document_id":"476526AF","expansion_state":0,"options":{"engine":"r","label":"unnamed-chunk-72"},"row":51,"row_count":1,"visible":true},{"chunk_id":"cbtd4ymd61ecw","chunk_label":"unnamed-chunk-9","document_id":"476526AF","expansion_state":0,"options":{"engine":"r","label":"unnamed-chunk-71"},"row":57,"row_count":1,"visible":true},{"chunk_id":"cbmouooyxufoa","chunk_label":"unnamed-chunk-10","document_id":"476526AF","expansion_state":0,"options":{"engine":"r","label":"unnamed-chunk-57"},"row":63,"row_count":1,"visible":true},{"chunk_id":"cjk5t6kna8vt2","chunk_label":"unnamed-chunk-11","document_id":"476526AF","expansion_state":0,"options":{"engine":"r","label":"unnamed-chunk-87"},"row":69,"row_count":1,"visible":true},{"chunk_id":"c71k17ditni5m","chunk_label":"unnamed-chunk-12","document_id":"476526AF","expansion_state":0,"options":{"engine":"r","label":"unnamed-chunk-1"},"row":77,"row_count":1,"visible":true},{"chunk_id":"cfhm45f58t3v3","chunk_label":"unnamed-chunk-13","document_id":"476526AF","expansion_state":0,"options":{"engine":"r","label":"unnamed-chunk-75"},"row":83,"row_count":1,"visible":true},{"chunk_id":"cx6k8dozf50yy","chunk_label":"unnamed-chunk-14","document_id":"476526AF","expansion_state":0,"options":{"engine":"r","label":"unnamed-chunk-78"},"row":89,"row_count":1,"visible":true},{"chunk_id":"c8wjsul4cga3w","chunk_label":"unnamed-chunk-15","document_id":"476526AF","expansion_state":0,"options":{"engine":"r","label":"unnamed-chunk-79"},"row":93,"row_count":1,"visible":true},{"chunk_id":"cai1dg2fqusco","chunk_label":"unnamed-chunk-16","document_id":"476526AF","expansion_state":0,"options":{"engine":"r","label":"unnamed-chunk-169"},"row":102,"row_count":1,"visible":true},{"chunk_id":"c5nteo8ch6pts","chunk_label":"unnamed-chunk-17","document_id":"476526AF","expansion_state":0,"options":{"engine":"r","label":"unnamed-chunk-170"},"row":110,"row_count":1,"visible":true},{"chunk_id":"cvg9ifv1b7no5","chunk_label":"unnamed-chunk-18","document_id":"476526AF","expansion_state":0,"options":{"engine":"r","label":"unnamed-chunk-83"},"row":117,"row_count":1,"visible":true},{"chunk_id":"c22kpil526700","chunk_label":"unnamed-chunk-19","document_id":"476526AF","expansion_state":0,"options":{"engine":"r","label":"unnamed-chunk-85"},"row":126,"row_count":1,"visible":true},{"chunk_id":"cq60p3pdu45mf","chunk_label":"unnamed-chunk-20","document_id":"476526AF","expansion_state":0,"options":{"engine":"r","label":"unnamed-chunk-86"},"row":132,"row_count":1,"visible":true},{"chunk_id":"clo3z23udow37","chunk_label":"unnamed-chunk-21","document_id":"476526AF","expansion_state":0,"options":{"engine":"r","label":"unnamed-chunk-90"},"row":142,"row_count":1,"visible":true},{"chunk_id":"c848y4ss653z2","chunk_label":"unnamed-chunk-22","document_id":"476526AF","expansion_state":0,"options":{"engine":"r","label":"unnamed-chunk-109"},"row":151,"row_count":1,"visible":true},{"chunk_id":"casevakktxwj9","chunk_label":"unnamed-chunk-23","document_id":"476526AF","expansion_state":0,"options":{"engine":"r","label":"unnamed-chunk-141"},"row":160,"row_count":1,"visible":true},{"chunk_id":"cc0w422bgfybk","chunk_label":"unnamed-chunk-24","document_id":"476526AF","expansion_state":0,"options":{"engine":"r","label":"unnamed-chunk-111"},"row":171,"row_count":1,"visible":true},{"chunk_id":"ckwbd9w9qw3ot","chunk_label":"unnamed-chunk-25","document_id":"476526AF","expansion_state":0,"options":{"engine":"r","label":"unnamed-chunk-112"},"row":177,"row_count":1,"visible":true},{"chunk_id":"cfq3tu37584tc","chunk_label":"unnamed-chunk-26","document_id":"476526AF","expansion_state":0,"options":{"engine":"r","label":"unnamed-chunk-113"},"row":183,"row_count":1,"visible":true},{"chunk_id":"c3assmqsfxf9q","chunk_label":"unnamed-chunk-27","document_id":"476526AF","expansion_state":0,"options":{"engine":"r","label":"unnamed-chunk-114"},"row":189,"row_count":1,"visible":true},{"chunk_id":"cksd9n29fiyn5","chunk_label":"unnamed-chunk-28","document_id":"476526AF","expansion_state":0,"options":{"engine":"r","label":"unnamed-chunk-115"},"row":195,"row_count":1,"visible":true},{"chunk_id":"c8x61de42y59x","chunk_label":"unnamed-chunk-29","document_id":"476526AF","expansion_state":0,"options":{"engine":"r","label":"unnamed-chunk-116"},"row":201,"row_count":1,"visible":true},{"chunk_id":"cdraewo0e2wp2","chunk_label":"unnamed-chunk-30","document_id":"476526AF","expansion_state":0,"options":{"engine":"r","label":"unnamed-chunk-118"},"row":208,"row_count":1,"visible":true},{"chunk_id":"cfojinu06tpd8","chunk_label":"unnamed-chunk-31","document_id":"476526AF","expansion_state":0,"options":{"engine":"r","label":"unnamed-chunk-122"},"row":217,"row_count":1,"visible":true},{"chunk_id":"chfl91my2bmv7","chunk_label":"unnamed-chunk-32","document_id":"476526AF","expansion_state":0,"options":{"engine":"r","label":"unnamed-chunk-123"},"row":224,"row_count":1,"visible":true},{"chunk_id":"c5x73u6jxu4y5","chunk_label":"unnamed-chunk-33","document_id":"476526AF","expansion_state":0,"options":{"engine":"r","label":"unnamed-chunk-124"},"row":232,"row_count":1,"visible":true},{"chunk_id":"cyldcoyguyoae","chunk_label":"unnamed-chunk-35","document_id":"476526AF","expansion_state":0,"options":{"engine":"r","label":"unnamed-chunk-167"},"row":254,"row_count":1,"visible":true},{"chunk_id":"c8rxf7xp84gr6","chunk_label":"unnamed-chunk-36","document_id":"476526AF","expansion_state":0,"options":{"engine":"r","label":"unnamed-chunk-1"},"row":264,"row_count":1,"visible":true},{"chunk_id":"cavy1wua7jtaf","chunk_label":"unnamed-chunk-37","document_id":"476526AF","expansion_state":0,"options":{"engine":"r","label":"unnamed-chunk-136"},"row":270,"row_count":1,"visible":true},{"chunk_id":"cf2iy4scndxx1","chunk_label":"unnamed-chunk-38","document_id":"476526AF","expansion_state":0,"options":{"engine":"r","label":"unnamed-chunk-138"},"row":277,"row_count":1,"visible":true},{"chunk_id":"c8hmrub7s4kwe","chunk_label":"unnamed-chunk-39","document_id":"476526AF","expansion_state":0,"options":{"engine":"r","label":"unnamed-chunk-140"},"row":283,"row_count":1,"visible":true},{"chunk_id":"cbdoew9sp3kpd","chunk_label":"unnamed-chunk-40","document_id":"476526AF","expansion_state":0,"options":{"engine":"r","label":"unnamed-chunk-153"},"row":289,"row_count":1,"visible":true},{"chunk_id":"clxwa4hwjcywx","chunk_label":"unnamed-chunk-41","document_id":"476526AF","expansion_state":0,"options":{"engine":"r","label":"unnamed-chunk-157"},"row":295,"row_count":1,"visible":true},{"chunk_id":"cid1eu9ub9ass","chunk_label":"unnamed-chunk-42","document_id":"476526AF","expansion_state":0,"options":{"engine":"r","label":"unnamed-chunk-4"},"row":305,"row_count":1,"visible":true},{"chunk_id":"cxlg3tvv05hx4","chunk_label":"unnamed-chunk-43","document_id":"476526AF","expansion_state":0,"options":{"engine":"r","label":"unnamed-chunk-6"},"row":311,"row_count":1,"visible":true},{"chunk_id":"c6bje7h02uxov","chunk_label":"unnamed-chunk-44","document_id":"476526AF","expansion_state":0,"options":{"engine":"r","label":"unnamed-chunk-8"},"row":318,"row_count":1,"visible":true}],"chunk_rendered_width":697,"doc_write_time":1590252478}