{"chunk_definitions":[{"chunk_id":"cvw35zf4y0luc","chunk_label":"unnamed-chunk-1","document_id":"87B2A1EA","expansion_state":0,"options":{"engine":"r","label":"unnamed-chunk-8"},"row":13,"row_count":1,"visible":true},{"chunk_id":"cfjw5vziy31ss","chunk_label":"unnamed-chunk-2","document_id":"87B2A1EA","expansion_state":0,"options":{"engine":"r","label":"unnamed-chunk-9"},"row":21,"row_count":1,"visible":true},{"chunk_id":"crtp8nryr7336","chunk_label":"unnamed-chunk-9","document_id":"87B2A1EA","expansion_state":0,"options":{"engine":"r","label":"unnamed-chunk-20"},"row":63,"row_count":1,"visible":true},{"chunk_id":"c4vtaerdilkia","chunk_label":"unnamed-chunk-10","document_id":"87B2A1EA","expansion_state":0,"options":{"engine":"r","label":"unnamed-chunk-21"},"row":67,"row_count":1,"visible":true},{"chunk_id":"csb43qjmw9uvl","chunk_label":"unnamed-chunk-11","document_id":"87B2A1EA","expansion_state":0,"options":{"engine":"r","label":"unnamed-chunk-23"},"row":77,"row_count":1,"visible":true},{"chunk_id":"c9hb5cqqzet9w","chunk_label":"unnamed-chunk-14","document_id":"87B2A1EA","expansion_state":0,"options":{"engine":"r","label":"unnamed-chunk-27"},"row":99,"row_count":1,"visible":true},{"chunk_id":"cmicbkh21taa9","chunk_label":"unnamed-chunk-15","document_id":"87B2A1EA","expansion_state":0,"options":{"engine":"r","label":"unnamed-chunk-31"},"row":106,"row_count":1,"visible":true},{"chunk_id":"c197ghkxme2k2","chunk_label":"unnamed-chunk-16","document_id":"87B2A1EA","expansion_state":0,"options":{"engine":"r","label":"unnamed-chunk-29"},"row":117,"row_count":1,"visible":true},{"chunk_id":"cw0ddo9niix9d","chunk_label":"unnamed-chunk-17","document_id":"87B2A1EA","expansion_state":0,"options":{"engine":"r","label":"unnamed-chunk-30"},"row":129,"row_count":1,"visible":true},{"chunk_id":"c8y4zwhsp59yq","chunk_label":"unnamed-chunk-18","document_id":"87B2A1EA","expansion_state":0,"options":{"engine":"r","label":"unnamed-chunk-32"},"row":140,"row_count":1,"visible":true},{"chunk_id":"c9g58eqm6tdoq","chunk_label":"unnamed-chunk-19","document_id":"87B2A1EA","expansion_state":0,"options":{"engine":"r","label":"unnamed-chunk-33"},"row":150,"row_count":1,"visible":true},{"chunk_id":"czhlkceo0a0ww","chunk_label":"unnamed-chunk-20","document_id":"87B2A1EA","expansion_state":0,"options":{"engine":"r","label":"unnamed-chunk-34"},"row":159,"row_count":1,"visible":true},{"chunk_id":"c4k1imxf6iwyt","chunk_label":"unnamed-chunk-21","document_id":"87B2A1EA","expansion_state":0,"options":{"engine":"r","label":"unnamed-chunk-35"},"row":170,"row_count":1,"visible":true},{"chunk_id":"ca355dv4c3pyq","chunk_label":"unnamed-chunk-22","document_id":"87B2A1EA","expansion_state":0,"options":{"engine":"r","label":"unnamed-chunk-36"},"row":182,"row_count":1,"visible":true},{"chunk_id":"cru20c3wip46b","chunk_label":"unnamed-chunk-23","document_id":"87B2A1EA","expansion_state":0,"options":{"engine":"r","label":"unnamed-chunk-37"},"row":192,"row_count":1,"visible":true}],"doc_write_time":1589036372}