{"chunk_definitions":[{"chunk_id":"cpzosuasbzw93","chunk_label":"unnamed-chunk-1","document_id":"1CB5D840","expansion_state":0,"options":{"engine":"r","label":"unnamed-chunk-8"},"row":9,"row_count":1,"visible":true},{"chunk_id":"c4ofenrqm9s6v","chunk_label":"unnamed-chunk-2","document_id":"1CB5D840","expansion_state":0,"options":{"engine":"r","label":"unnamed-chunk-2"},"row":15,"row_count":1,"visible":true},{"chunk_id":"cuz2mv0j2wwqa","chunk_label":"unnamed-chunk-3","document_id":"1CB5D840","expansion_state":0,"options":{"engine":"r","label":"unnamed-chunk-9","message":false},"row":21,"row_count":1,"visible":true},{"chunk_id":"cz557fw9l5hd5","chunk_label":"unnamed-chunk-4","document_id":"1CB5D840","expansion_state":0,"options":{"engine":"r","label":"unnamed-chunk-4"},"row":29,"row_count":1,"visible":true},{"chunk_id":"c4pz0ocd1dcvb","chunk_label":"unnamed-chunk-5","document_id":"1CB5D840","expansion_state":0,"options":{"engine":"r","label":"unnamed-chunk-5"},"row":35,"row_count":1,"visible":true},{"chunk_id":"ckuist37qstrd","chunk_label":"unnamed-chunk-6","document_id":"1CB5D840","expansion_state":0,"options":{"engine":"r","label":"unnamed-chunk-6"},"row":40,"row_count":1,"visible":true},{"chunk_id":"cbsnbpdx8oeoj","chunk_label":"unnamed-chunk-8","document_id":"1CB5D840","expansion_state":0,"options":{"engine":"r","label":"unnamed-chunk-7"},"row":54,"row_count":1,"visible":true},{"chunk_id":"crwqs6ypd30fx","chunk_label":"unnamed-chunk-9","document_id":"1CB5D840","expansion_state":0,"options":{"engine":"r","label":"unnamed-chunk-8"},"row":63,"row_count":1,"visible":true},{"chunk_id":"ceviemadewuwc","chunk_label":"unnamed-chunk-10","document_id":"671B8E4E","expansion_state":0,"options":{"engine":"r","label":"unnamed-chunk-24"},"row":74,"row_count":1,"visible":true},{"chunk_id":"c8hotgmplp74m","chunk_label":"unnamed-chunk-11","document_id":"1CB5D840","expansion_state":0,"options":{"engine":"r","label":"unnamed-chunk-26"},"row":91,"row_count":1,"visible":true},{"chunk_id":"cf1sp3v9ra3m6","chunk_label":"unnamed-chunk-12","document_id":"1CB5D840","expansion_state":0,"options":{"engine":"r","label":"unnamed-chunk-27"},"row":109,"row_count":1,"visible":true},{"chunk_id":"cu11ntet1i3ph","chunk_label":"unnamed-chunk-13","document_id":"1CB5D840","expansion_state":0,"options":{"engine":"r","label":"unnamed-chunk-16"},"row":119,"row_count":1,"visible":true},{"chunk_id":"c2hubd7rs05vj","chunk_label":"unnamed-chunk-15","document_id":"1CB5D840","expansion_state":0,"options":{"engine":"r","label":"unnamed-chunk-17"},"row":134,"row_count":1,"visible":true},{"chunk_id":"caby7i14ougx3","chunk_label":"unnamed-chunk-16","document_id":"1CB5D840","expansion_state":0,"options":{"engine":"r","label":"unnamed-chunk-18"},"row":141,"row_count":1,"visible":true},{"chunk_id":"csxd8ck9mph4m","chunk_label":"unnamed-chunk-17","document_id":"1CB5D840","expansion_state":0,"options":{"engine":"r","label":"unnamed-chunk-21"},"row":158,"row_count":1,"visible":true},{"chunk_id":"ca7f8unstswkn","chunk_label":"unnamed-chunk-18","document_id":"1CB5D840","expansion_state":0,"options":{"engine":"r","label":"unnamed-chunk-22"},"row":163,"row_count":1,"visible":true}],"doc_write_time":1588451156}