"0","glimpse(df_turma)"
"1","Rows: 26"
"1",""
"1","
"
"1","Columns: 7"
"1",""
"1","
"
"1","$ `Primeiro Nome`  [3m[90m<chr>[39m[23m ""Alexandre"", ""Ieda"", ""Carina"", ""Ricardo"", ""Rodrigo"", ""André"", ""Vin…
$ Sobrenome        [3m[90m<chr>[39m[23m ""Oliveira"", ""Rozenfeld"", ""Bonifacio"", ""Medeiros Penna"", ""Cabral"", …
$ Email            [3m[90m<chr>[39m[23m ""alexanfo@gmail.com"", ""iedarozenfeld@hotmail.com"", ""carinabonifaci…
$ GitHub           [3m[90m<chr>[39m[23m ""AlexandreFO"", ""iedarozenfeld"", ""carinabonifacio13"", ""ricardomp"", …
$ Celular          [3m[90m<chr>[39m[23m ""992972271"", ""972114346"", ""97428-1111"", ""986861908"", ""993227412"", …
$ `URL Projeto`    [3m[90m<chr>[39m[23m ""https://github.com/AlexandreFO/MDT-First"", ""https://github.com/ie…
$ `Conseguiu Push` [3m[90m<chr>[39m[23m ""sim"", ""sim"", ""sim"", ""Sim"", NA, ""Não"", ""sim"", NA, ""Não"", ""Sim"", ""S…"
"1",""
"1","
"
