{"chunk_definitions":[{"chunk_id":"c5neg1g72fjqv","chunk_label":"unnamed-chunk-2","document_id":"355600E5","expansion_state":0,"options":{"engine":"r","label":"unnamed-chunk-2"},"row":20,"row_count":1,"visible":true},{"chunk_id":"ci12hbe5nsv82","chunk_label":"unnamed-chunk-3","document_id":"355600E5","expansion_state":0,"options":{"engine":"r","label":"unnamed-chunk-3"},"row":26,"row_count":1,"visible":true},{"chunk_id":"c373adzlun2ch","chunk_label":"unnamed-chunk-4","document_id":"355600E5","expansion_state":0,"options":{"engine":"r","label":"unnamed-chunk-4"},"row":32,"row_count":1,"visible":true},{"chunk_id":"cahacp47ykfkv","chunk_label":"unnamed-chunk-5","document_id":"355600E5","expansion_state":0,"options":{"engine":"r","label":"unnamed-chunk-5"},"row":38,"row_count":1,"visible":true},{"chunk_id":"c3j5yn3qua3e1","chunk_label":"unnamed-chunk-6","document_id":"355600E5","expansion_state":0,"options":{"engine":"r","label":"unnamed-chunk-6"},"row":47,"row_count":1,"visible":true},{"chunk_id":"ctiraw41wt1yz","chunk_label":"unnamed-chunk-7","document_id":"355600E5","expansion_state":0,"options":{"engine":"r","label":"unnamed-chunk-7"},"row":56,"row_count":1,"visible":true},{"chunk_id":"crc7n07c0c0t9","chunk_label":"unnamed-chunk-8","document_id":"355600E5","expansion_state":0,"options":{"engine":"r","label":"unnamed-chunk-8"},"row":63,"row_count":1,"visible":true},{"chunk_id":"clvgqe5zkwaj7","chunk_label":"unnamed-chunk-9","document_id":"355600E5","expansion_state":0,"options":{"engine":"r","label":"unnamed-chunk-9"},"row":70,"row_count":1,"visible":true},{"chunk_id":"cp5t1cxyc7sip","chunk_label":"unnamed-chunk-10","document_id":"355600E5","expansion_state":0,"options":{"engine":"r","label":"unnamed-chunk-10"},"row":80,"row_count":1,"visible":true},{"chunk_id":"cwne7tkuj6nnc","chunk_label":"unnamed-chunk-11","document_id":"355600E5","expansion_state":0,"options":{"engine":"r","label":"unnamed-chunk-11"},"row":90,"row_count":1,"visible":true},{"chunk_id":"cbcicor87uszc","chunk_label":"unnamed-chunk-12","document_id":"355600E5","expansion_state":0,"options":{"engine":"r","label":"unnamed-chunk-12"},"row":101,"row_count":1,"visible":true},{"chunk_id":"cpnatz61iobes","chunk_label":"unnamed-chunk-13","document_id":"355600E5","expansion_state":0,"options":{"engine":"r","label":"unnamed-chunk-13"},"row":111,"row_count":1,"visible":true},{"chunk_id":"chw6w57gj7vej","chunk_label":"unnamed-chunk-14","document_id":"355600E5","expansion_state":0,"options":{"engine":"r","label":"unnamed-chunk-14"},"row":120,"row_count":1,"visible":true},{"chunk_id":"cjyliab4wmf01","chunk_label":"unnamed-chunk-15","document_id":"355600E5","expansion_state":0,"options":{"engine":"r","label":"unnamed-chunk-15"},"row":132,"row_count":1,"visible":true},{"chunk_id":"cjq2gorkbuggw","chunk_label":"unnamed-chunk-16","document_id":"355600E5","expansion_state":0,"options":{"engine":"r","label":"unnamed-chunk-16"},"row":141,"row_count":1,"visible":true},{"chunk_id":"c5dtbqg4dd8jq","chunk_label":"unnamed-chunk-17","document_id":"355600E5","expansion_state":0,"options":{"engine":"r","label":"unnamed-chunk-17"},"row":151,"row_count":1,"visible":true},{"chunk_id":"c1jvakwlkhpmk","chunk_label":"unnamed-chunk-18","document_id":"6E8CFEA8","expansion_state":0,"options":{"engine":"r","label":"unnamed-chunk-50"},"row":163,"row_count":1,"visible":true},{"chunk_id":"cwrzsnwwkvfyx","chunk_label":"unnamed-chunk-19","document_id":"6E8CFEA8","expansion_state":0,"options":{"engine":"r","label":"unnamed-chunk-35"},"row":173,"row_count":1,"visible":true},{"chunk_id":"cgho4bfjmvhwe","chunk_label":"unnamed-chunk-20","document_id":"6E8CFEA8","expansion_state":0,"options":{"engine":"r","label":"unnamed-chunk-38"},"row":186,"row_count":1,"visible":true},{"chunk_id":"c03s6kiiyhacd","chunk_label":"unnamed-chunk-21","document_id":"6E8CFEA8","expansion_state":0,"options":{"engine":"r","label":"unnamed-chunk-39"},"row":193,"row_count":1,"visible":true},{"chunk_id":"cp6ipqou4bluv","chunk_label":"unnamed-chunk-22","document_id":"6E8CFEA8","expansion_state":0,"options":{"engine":"r","label":"unnamed-chunk-40"},"row":200,"row_count":1,"visible":true},{"chunk_id":"c7d9pz99d42p8","chunk_label":"unnamed-chunk-23","document_id":"6E8CFEA8","expansion_state":0,"options":{"engine":"r","label":"unnamed-chunk-41"},"row":214,"row_count":1,"visible":true}],"doc_write_time":1588967861}