id_cliente;Nome;Sobrenome;Sexo;nascimento;idade;cidade;estado
   1;Anderson;Araújo;M;2005-05-19;15;Guarulhos;SP
   2;Edson;Alves;M;1980-10-25;39;Itatiba;SP
   3;Emanuel;Barbosa;M;1972-03-18;48;Sao Miguel do Araguaia;GO
   4;Kevin;Alves;M;1993-07-26;26;Rio de Janeiro;RJ
   5;Luan;Souza;M;1962-03-03;58;Sao Paulo;SP
   6;Daniel;Rodrigues;M;1984-07-16;35;Sao Paulo;SP
   7;Karine;Cardoso;F;1957-04-25;63;Cabo de Santo Agostinho;PE
   8;Henrique;Mendes;M;1954-11-10;65;Coroata;MA
   9;Danilo;Gomes;M;1961-11-18;58;Campinas;SP
  10;Larissa;Pinto;F;1981-08-11;38;Rio de Janeiro;RJ
  11;Ester;Rocha;F;2005-05-19;15;Suzano;SP
  12;Joana;Lima;F;1951-07-14;68;Maceio;AL
  13;Fernando;Barros;M;2000-02-02;20;Ipiranga;PR
  14;Gustavo;Silva;M;1976-04-23;44;Rio Grande;RS
  15;Leandro;Barbosa;M;1989-08-13;30;Embu das Artes;SP
  16;Andressa;Mendes;F;1945-09-10;74;Limeira;SP
  17;Bianca;Castro;F;2005-05-19;15;Sao Paulo;SP
  18;Samara;Castro;F;1958-10-22;61;Sao Jose do Rio Preto;SP
  19;Yuri;Rodrigues;M;1966-09-21;53;Franco da Rocha;SP
  20;Samira;Santos;F;1992-08-14;27;Capelinha;MG
  21;Luana;Moura;F;1959-07-21;60;Avare;SP
  22;Ester;Cardoso;F;1990-04-20;30;Piraju;SP
  23;Adriele;Cardoso;F;1961-07-31;58;Vitoria;ES
  24;Carla;Oliveira;F;1972-04-16;48;Sao Paulo;SP
  25;Elias;Almeida;M;2002-11-19;17;Sao Paulo;SP
  26;Tiago;Lima;M;1965-03-24;55;Cedral;SP
  27;Alexandre;Carvalho;M;1994-11-25;25;Lins;SP
  28;Paola;Barbosa;F;2000-05-02;20;Mogi-Guacu;SP
  29;Breno;Nascimento;M;1996-08-09;23;Posto da Mata;BA
  30;Fernando;Pinto;M;1964-02-24;56;Sorocaba;SP
  31;Laura;Silva;F;1939-12-03;80;Matozinhos;MG
  32;Maisa;Carvalho;F;1935-06-06;85;Belo Horizonte;MG
  33;Daniela;Barbosa;F;1980-05-31;39;Canapolis;MG
  34;Giovanna;Araújo;F;2005-05-19;15;Sao Paulo;SP
  35;Jorge;Mendes;M;1968-12-28;51;Jaguariuna;SP
  36;Gabriela;Mendes;F;1935-06-06;85;Italva;RJ
  37;Juliana;Barbosa;F;1952-10-21;67;Jundiai;SP
  38;Marcela;Souza;F;1974-05-14;46;Florianopolis;SC
  39;Wesley;Nascimento;M;1976-01-08;44;Rio de Janeiro;RJ
  40;Breno;Martins;M;1973-03-10;47;Pelotas;RS
  41;Marcela;Carvalho;F;1978-08-07;41;Ribeirao Preto;SP
  42;Fernanda;Oliveira;F;1969-10-04;50;Rio de Janeiro;RJ
  43;Elias;Costa;M;1983-02-03;37;Sao Sebastiao do Paraiso;MG
  44;Davi;Cavalcanti;M;1993-08-09;26;Goiania;GO
  45;Jean;Mendes;M;1995-07-11;24;Varzea Paulista;SP
  46;Roberto;Gomes;M;1990-01-06;30;Governador Valadares;MG
  47;Thais;Ribeiro;F;1993-12-18;26;Goiania;GO
  48;Geovana;Silva;F;1992-08-21;27;Cabo Frio;RJ
  49;Janaina;Gomes;F;1970-03-16;50;Guanambi;BA
  50;Laura;Rocha;F;1957-06-10;62;Castilho;SP
  51;Jamile;Almeida;F;1994-08-20;25;Sao Paulo;SP
  52;Mariana;Monteiro;F;1994-07-19;25;Vitoria de Santo Antao;PE
  53;Viviane;Pinto;F;2005-05-19;15;Criciuma;SC
  54;Daniel;Alves;M;1986-05-27;33;Niteroi;RJ
  55;Manuela;Souza;F;1987-02-04;33;Itarare;SP
  56;Miguel;Gomes;M;1993-02-22;27;Nao-Me-Toque;RS
  57;Bernardo;Freitas;M;1990-06-28;29;Limoeiro do Norte;CE
  58;Paulo;Santos;M;1935-06-06;85;Nova Friburgo;RJ
  59;Pietro;Barbosa;M;1970-03-17;50;Patos de Minas;MG
  60;Jaqueline;Rocha;F;1996-10-25;23;Sao Paulo;SP
  61;Enzo;Santos;M;1983-02-05;37;Lagoa Vermelha;RS
  62;Breno;Gomes;M;1960-07-19;59;Almirante Tamandare;PR
  63;Breno;Campos;M;1996-03-25;24;Sorocaba;SP
  64;Enzo;Araújo;M;2005-05-19;15;Porto Alegre;RS
  65;Pamela;Carvalho;F;1976-08-24;43;Pinheiros;ES
  66;Alice;Rocha;F;1999-11-04;20;Rio de Janeiro;RJ
  67;Luiz;Moura;M;1969-07-01;50;Sao Vicente;SP
  68;Fernanda;Dias;F;1953-10-29;66;Sao Paulo;SP
  69;Wilian;Santos;M;1973-02-11;47;Sao Paulo;SP
  70;Carla;Oliveira;F;1995-03-08;25;Porto Alegre;RS
  71;Leonardo;Dias;M;1985-03-30;35;Juiz de Fora;MG
  72;Yuri;Fernandes;M;1996-03-18;24;Rio Grande;RS
  73;Alexandre;Dias;M;1975-08-12;44;Sao Goncalo;RJ
  74;Pamela;Souza;F;1991-06-05;28;Cuiaba;MT
  75;Camila;Nascimento;F;1941-07-24;78;Curitiba;PR
  76;Hugo;Lima;M;1990-12-26;29;Rio de Janeiro;RJ
  77;Luciano;Gomes;M;2002-02-28;18;Sete Lagoas;MG
  78;Jorge;Barbosa;M;1947-02-13;73;Nova Iguacu;RJ
  79;Iago;Mendes;M;1985-12-14;34;Rio de Janeiro;RJ
  80;Gabriele;Pereira;F;2005-05-19;15;Parauna;GO
  81;Tiago;Oliveira;M;2003-11-11;16;Brasilia;DF
  82;Miguel;Monteiro;M;1983-09-03;36;Sao Paulo;SP
  83;Michele;Monteiro;F;1959-09-06;60;Nilopolis;RJ
  84;Francisco;Alves;M;1984-11-11;35;Curitiba;PR
  85;Cauan;Souza;M;1969-05-24;51;Navegantes;SC
  86;Jonas;Ribeiro;M;1985-05-11;35;Taiobeiras;MG
  87;Leandro;Barros;M;1949-09-30;70;Campo Largo;PR
  88;Wesley;Rodrigues;M;2005-05-19;15;Jequie;BA
  89;Murilo;Mendes;M;1999-03-06;21;Sao Paulo;SP
  90;Maicon;Cavalcanti;M;1984-06-04;35;Santos;SP
  91;Alex;Rodrigues;M;1965-02-15;55;Sao Luis;MA
  92;Gabriele;Almeida;F;1994-09-02;25;Sumare;SP
  93;Evelin;Lima;F;2005-05-19;15;Sao Luis;MA
  94;Kauan;Araújo;M;1995-03-13;25;Santos;SP
  95;Pamela;Barros;F;1950-09-09;69;Juiz de Fora;MG
  96;Milena;Dias;F;1983-08-17;36;Sao Paulo;SP
  97;Henrique;Carvalho;M;1966-02-07;54;Sao Paulo;SP
  98;Luana;Mendes;F;2004-12-26;15;Sao Jose dos Campos;SP
  99;Adriano;Moura;M;1965-01-05;55;Brasilia;DF
 100;Emanuel;Freitas;M;1996-11-13;23;Sao Paulo;SP
 101;Luan;Pereira;M;1947-01-07;73;Sao Jose do Rio Preto;SP
 102;Karine;Rodrigues;F;1980-04-18;40;Rio Largo;AL
 103;Bruna;Oliveira;F;1987-07-09;32;Santos;SP
 104;Emilly;Campos;F;1942-08-26;77;Curitiba;PR
 105;Sophia;Ribeiro;F;1935-06-06;85;Santo Andre;SP
 106;Camila;Almeida;F;1982-03-26;38;Rio de Janeiro;RJ
 107;Adrian;Pereira;M;1957-09-11;62;Rio de Janeiro;RJ
 108;Naiara;Moura;F;1993-02-13;27;Brasilia;DF
 109;Gabriele;Pinto;F;1983-08-17;36;Belo Horizonte;MG
 110;Geovana;Pereira;F;2005-05-19;15;Curitiba;PR
 111;Mariana;Barbosa;F;1969-06-16;50;Tenente Portela;RS
 112;Mirela;Lima;F;1973-02-03;47;Sao Sebastiao;AL
 113;Fernanda;Araújo;F;1985-08-05;34;Matao;SP
 114;Murilo;Lima;M;2005-05-19;15;Cachoeiro de Itapemirim;ES
 115;Alex;Gomes;M;1987-04-09;33;Aruja;SP
 116;Paola;Araújo;F;1965-10-11;54;Belo Horizonte;MG
 117;Luan;Rocha;M;1997-01-31;23;Sao Paulo;SP
 118;Maria;Gomes;F;1946-03-26;74;Itapipoca;CE
 119;Camila;Dias;F;1998-07-25;21;Uberlandia;MG
 120;Alan;Nascimento;M;1945-07-12;74;Sao Paulo;SP
 121;Luciano;Silva;M;1984-02-29;36;Santo Andre;SP
 122;Breno;Santos;M;1961-12-14;58;Canoinhas;SC
 123;Victor;Rodrigues;M;1954-02-12;66;Sao Paulo;SP
 124;Eric;Moura;M;1986-10-18;33;Aracaju;SE
 125;Bianca;Freitas;F;1985-03-12;35;Feira de Santana;BA
 126;Rian;Barbosa;M;1974-09-09;45;Sao Paulo;SP
 127;Filipe;Rocha;M;1963-09-20;56;Belford Roxo;RJ
 128;Tamires;Almeida;F;1991-12-07;28;Sao Bento;PB
 129;Heitor;Mendes;M;1993-06-27;26;Campinas;SP
 130;Douglas;Santos;M;1961-11-29;58;Itapema;SC
 131;Renan;Barbosa;M;1966-11-17;53;Mogi das Cruzes;SP
 132;Yuri;Nascimento;M;1939-01-11;81;Cuiaba;MT
 133;Jenifer;Moura;F;1963-08-20;56;Campinas;SP
 134;Henrique;Rocha;M;1972-01-24;48;Divinopolis;MG
 135;Juliana;Ribeiro;F;2002-06-17;17;Jequie;BA
 136;Yasmin;Lima;F;1978-08-14;41;Santa Luzia;MG
 137;Samara;Silva;F;1967-04-11;53;Sao Paulo;SP
 138;Milena;Almeida;F;2005-05-19;15;Sao Paulo;SP
 139;Ariane;Ribeiro;F;2005-05-19;15;Volta Redonda;RJ
 140;Yasmin;Carvalho;F;1979-09-30;40;Sao Paulo;SP
 141;Arthur;Carvalho;M;1959-07-02;60;Brasilia;DF
 142;Joice;Moura;F;1946-11-02;73;Sao Paulo;SP
 143;Daniela;Alves;F;1958-01-21;62;Mogi das Cruzes;SP
 144;Gabriela;Moura;F;1957-02-01;63;Rancharia;SP
 145;Marcela;Pinto;F;1967-09-07;52;Cubatao;SP
 146;Adrian;Lima;M;1980-06-14;39;Joinville;SC
 147;Henrique;Cardoso;M;1974-11-23;45;Sao Paulo;SP
 148;Raissa;Campos;F;1991-08-19;28;Belo Horizonte;MG
 149;Renato;Nascimento;M;1980-05-09;40;Mercedes;PR
 150;Carolina;Fernandes;F;1958-02-06;62;Rio de Janeiro;RJ
 151;Manuela;Rocha;F;1987-02-15;33;Sao Lourenco;MG
 152;Gabriele;Santos;F;1993-11-01;26;Camanducaia;MG
 153;Vanessa;Cavalcanti;F;1998-11-05;21;Sao Bernardo do Campo;SP
 154;Juliana;Barros;F;1961-12-25;58;Maragogi;AL
 155;Pamela;Pereira;F;1969-11-28;50;Sao Paulo;SP
 156;Samara;Alves;F;1969-01-27;51;Sao Paulo;SP
 157;Alana;Costa;F;1959-03-07;61;Sao Paulo;SP
 158;Luiza;Ribeiro;F;1986-02-23;34;Sao Paulo;SP
 159;Talita;Silva;F;1976-04-24;44;Ribeirao Preto;SP
 160;Priscila;Barros;F;1985-07-25;34;Uberlandia;MG
 161;Beatriz;Castro;F;1948-08-15;71;Lagoa Salgada;RN
 162;Amanda;Rocha;F;1939-12-09;80;Mendes;RJ
 163;Kevin;Gomes;M;1950-04-23;70;Nova Prata;RS
 164;Francisco;Cardoso;M;1965-05-27;55;Rio de Janeiro;RJ
 165;Paola;Silva;F;1952-07-08;67;Cuiaba;MT
 166;Jenifer;Barbosa;F;1958-04-13;62;Guarulhos;SP
 167;Filipe;Cavalcanti;M;1984-12-16;35;Medina;MG
 168;Gisele;Barbosa;F;1948-02-09;72;Sao Paulo;SP
 169;Alice;Barbosa;F;1983-01-07;37;Biritiba-Mirim;SP
 170;Matheus;Nascimento;M;1977-11-09;42;Rio das Ostras;RJ
 171;Fernanda;Monteiro;F;1947-02-11;73;Diadema;SP
 172;Carlos;Lima;M;1954-07-26;65;Petropolis;RJ
 173;Arthur;Dias;M;1988-06-23;31;Contagem;MG
 174;Isabele;Rodrigues;F;1958-09-04;61;Santa Vitoria;MG
 175;Thais;Gomes;F;1990-10-22;29;Sete Lagoas;MG
 176;Adrian;Lima;M;1993-09-13;26;Sao Paulo;SP
 177;Adriano;Ribeiro;M;1997-03-26;23;Sao Paulo;SP
 178;Viviane;Gomes;F;1983-01-24;37;Brasilia;DF
 179;Edson;Castro;M;1992-06-29;27;Sao Paulo;SP
 180;Samira;Mendes;F;1938-10-12;81;Belo Horizonte;MG
 181;Alison;Barbosa;F;2005-05-19;15;Santo Andre;SP
 182;Adriele;Martins;F;1990-04-18;30;Guarulhos;SP
 183;Daniel;Silva;M;2001-12-07;18;Fortaleza;CE
 184;Eric;Ribeiro;M;1978-12-25;41;Brasilia;DF
 185;Matheus;Rodrigues;M;2003-11-15;16;Sao Paulo;SP
 186;Eduardo;Campos;M;1992-08-22;27;Sapiranga;RS
 187;Manuela;Castro;F;1985-11-27;34;Nova Friburgo;RJ
 188;Vanessa;Pinto;F;1984-12-24;35;Sao Paulo;SP
 189;Heitor;Cavalcanti;M;1967-04-02;53;Sao Paulo;SP
 190;Cauan;Barbosa;M;1967-05-19;53;Salvador;BA
 191;Amanda;Freitas;F;2005-05-19;15;Janauba;MG
 192;Emerson;Barros;M;1966-01-27;54;Paicandu;PR
 193;Francisca;Cardoso;F;1984-07-02;35;Rio de Janeiro;RJ
 194;Igor;Oliveira;M;2005-05-19;15;Rio de Janeiro;RJ
 195;Iago;Pinto;M;1972-01-22;48;Buritama;SP
 196;Franciele;Pinto;F;2000-07-18;19;Parelhas;RN
 197;Iasmin;Castro;F;2000-03-06;20;Uberlandia;MG
 198;Marcelo;Almeida;M;1963-02-03;57;Sao Paulo;SP
 199;Eduarda;Araújo;F;1981-08-22;38;Sao Paulo;SP
 200;Yasmin;Pereira;F;1997-10-21;22;Serra;ES
 201;Igor;Barbosa;M;2005-05-19;15;Juiz de Fora;MG
 202;Marco;Campos;M;1981-03-04;39;Salvador;BA
 203;Kauan;Martins;M;1992-07-20;27;Sao Bernardo do Campo;SP
 204;Emanuel;Almeida;M;1985-09-18;34;Sao Paulo;SP
 205;Raissa;Martins;F;1968-09-24;51;Piratininga;SP
 206;Ester;Barros;F;1973-02-18;47;Rio de Janeiro;RJ
 207;Micael;Lima;M;1963-08-02;56;Santos;SP
 208;Emily;Costa;F;1994-03-29;26;Maceio;AL
 209;Iasmin;Barbosa;F;2005-05-19;15;Sao Bernardo do Campo;SP
 210;Raissa;Moura;F;2000-10-13;19;Pindamonhangaba;SP
 211;Cauan;Nascimento;M;2005-05-19;15;Florianopolis;SC
 212;Arthur;Gomes;M;1963-04-11;57;Sao Jose do Rio Preto;SP
 213;Isadora;Monteiro;F;1955-09-12;64;Feira de Santana;BA
 214;Isabela;Campos;F;1947-09-01;72;Sao Leopoldo;RS
 215;Raquel;Barbosa;F;1993-12-02;26;Sao Paulo;SP
 216;Manuela;Pinto;F;1982-10-13;37;Navirai;MS
 217;Marcelo;Cavalcanti;M;1965-02-20;55;Santos;SP
 218;Adriele;Almeida;F;1962-10-31;57;Sao Paulo;SP
 219;Alan;Rocha;M;1967-11-15;52;Santa Barbara D'oeste;SP
 220;Kaio;Carvalho;M;1947-12-17;72;Taua;CE
 221;Roberta;Nascimento;F;1993-04-18;27;Santo Andre;SP
 222;Samira;Martins;F;2005-05-19;15;Londrina;PR
 223;Marcelo;Monteiro;M;1959-08-17;60;Sao Paulo;SP
 224;Ariane;Costa;F;1976-05-19;44;Macae;RJ
 225;Isaque;Araújo;M;1980-10-13;39;Ipixuna do Para;PA
 226;Eric;Alves;M;1989-03-22;31;Taboao da Serra;SP
 227;Carolina;Martins;F;1976-04-05;44;Cuiaba;MT
 228;Tamires;Costa;F;1989-01-08;31;Irineopolis;SC
 229;Marcela;Monteiro;F;2001-02-16;19;Agronomica;SC
 230;Leandro;Gomes;M;1982-03-17;38;Sao Paulo;SP
 231;Samuel;Barbosa;M;1986-05-17;34;Sao Paulo;SP
 232;Igor;Santos;M;1982-02-06;38;Curitiba;PR
 233;Eduardo;Martins;M;1987-04-07;33;Sao Paulo;SP
 234;Micael;Dias;M;1994-02-01;26;Ferraz de Vasconcelos;SP
 235;Rafaela;Carvalho;F;1982-10-29;37;Sao Paulo;SP
 236;Giovana;Araújo;F;1989-11-09;30;Recife;PE
 237;Jamile;Almeida;F;1984-06-10;35;Jundiai;SP
 238;Kaique;Oliveira;M;1973-05-21;47;Guarulhos;SP
 239;Sara;Campos;F;1974-10-09;45;Floriano;PI
 240;Everton;Campos;M;1966-04-13;54;Camaragibe;PE
 241;Jenifer;Campos;F;1988-02-24;32;Belford Roxo;RJ
 242;Luiza;Silva;F;1978-02-17;42;Maceio;AL
 243;Samara;Campos;F;1996-03-02;24;Uberlandia;MG
 244;Micael;Dias;M;1983-04-11;37;Floresta;PR
 245;Renan;Ribeiro;M;1995-12-25;24;Taboao da Serra;SP
 246;Anna;Freitas;F;1969-11-26;50;Porto Alegre;RS
 247;Francisco;Rocha;M;1992-10-12;27;Rio de Janeiro;RJ
 248;Bianca;Silva;F;1944-09-12;75;Paragominas;PA
 249;Victor;Rocha;M;1991-12-20;28;Volta Redonda;RJ
 250;Giovana;Santos;F;1978-04-14;42;Barra Mansa;RJ
 251;Giovanna;Souza;F;1999-04-08;21;Campinas;SP
 252;Camila;Silva;F;1966-06-26;53;Sao Paulo;SP
 253;Emerson;Rocha;M;1970-06-27;49;Rio de Janeiro;RJ
 254;Laura;Moura;F;1952-03-19;68;Sao Paulo;SP
 255;Milena;Rocha;F;1997-08-26;22;Duque de Caxias;RJ
 256;Pietro;Santos;M;1993-04-24;27;Atibaia;SP
 257;Victor;Monteiro;M;1965-09-16;54;Ananindeua;PA
 258;Alan;Freitas;M;1995-06-14;24;Vacaria;RS
 259;Francisco;Costa;M;1985-03-24;35;Sao Luiz Gonzaga;RS
 260;Rafael;Moura;M;2001-11-08;18;Sao Paulo;SP
 261;Raquel;Castro;F;1977-01-16;43;Ferraz de Vasconcelos;SP
 262;Isadora;Campos;F;1992-07-26;27;Niteroi;RJ
 263;Juliana;Barros;F;1987-05-13;33;Itapejara D'oeste;PR
 264;Talita;Nascimento;F;1981-08-08;38;Sao Goncalo;RJ
 265;Bruna;Dias;F;1984-02-09;36;Campinas;SP
 266;Tiago;Oliveira;M;1988-10-20;31;Sao Paulo;SP
 267;Kaique;Pinto;M;1965-11-15;54;Maringa;PR
 268;Mirela;Araújo;F;1962-07-25;57;Montes Claros;MG
 269;Iasmin;Martins;F;1972-03-22;48;Santa Maria;RS
 270;Douglas;Oliveira;M;1962-10-01;57;Campo Mourao;PR
 271;Mariana;Pinto;F;1963-01-19;57;Curitiba;PR
 272;Bianca;Araújo;F;2005-05-19;15;Osorio;RS
 273;Iago;Lima;M;1959-11-23;60;Rio de Janeiro;RJ
 274;Eduardo;Barros;M;1982-11-15;37;Guarulhos;SP
 275;Daniel;Cardoso;M;1970-04-14;50;Carapicuiba;SP
 276;Rebeca;Barros;F;1993-08-05;26;Jaguaracu;MG
 277;Clara;Fernandes;F;1960-08-15;59;Sao Paulo;SP
 278;Marcelo;Lima;M;1980-03-18;40;Pouso Alegre;MG
 279;Raissa;Rodrigues;F;1984-12-28;35;Sao Paulo;SP
 280;Artur;Oliveira;M;2005-05-19;15;Joinville;SC
 281;Isaque;Gomes;M;1979-08-17;40;Balneario Pinhal;RS
 282;Natanael;Barros;M;1964-10-29;55;Salvador;BA
 283;Giovanna;Ribeiro;F;1935-10-29;84;Ponta Pora;MS
 284;Talita;Nascimento;F;1951-05-11;69;Potim;SP
 285;Lorena;Nascimento;F;1956-08-30;63;Rio de Janeiro;RJ
 286;Raquel;Dias;F;1980-03-23;40;Osasco;SP
 287;Alice;Mendes;F;2004-02-24;16;Papucaia;RJ
 288;Ana;Martins;F;1979-02-17;41;Curitiba;PR
 289;Eric;Fernandes;M;2001-04-22;19;Sao Paulo;SP
 290;Maiara;Martins;F;1980-06-18;39;Balneario Camboriu;SC
 291;Daniela;Barbosa;F;1972-04-10;48;Sao Carlos;SP
 292;Maisa;Barbosa;F;1959-03-30;61;Vitoria;ES
 293;Eduardo;Martins;M;1975-01-10;45;Campos dos Goytacazes;RJ
 294;Jorge;Carvalho;M;1967-08-16;52;Caraguatatuba;SP
 295;Iara;Santos;F;1985-06-15;34;Campinas;SP
 296;Poliana;Cavalcanti;F;1973-05-15;47;Novo Hamburgo;RS
 297;Samira;Rodrigues;F;2005-05-19;15;Navegantes;SC
 298;Luan;Silva;M;2005-05-19;15;Areal;RJ
 299;Maria;Rocha;F;2005-05-19;15;Rondonopolis;MT
 300;Marlon;Monteiro;M;1991-10-26;28;Sao Paulo;SP
 301;Clara;Rocha;F;1970-01-03;50;Porto Alegre;RS
 302;Murilo;Freitas;M;1962-10-16;57;Sorocaba;SP
 303;Richard;Barbosa;M;1958-01-29;62;Cuiaba;MT
 304;Anderson;Fernandes;M;1965-04-20;55;Niteroi;RJ
 305;Micael;Ribeiro;M;1985-06-18;34;Lajeado;RS
 306;Pamela;Souza;F;1935-06-06;85;Anapolis;GO
 307;Emerson;Ribeiro;M;2001-10-27;18;Taubate;SP
 308;Cauan;Lima;M;1967-12-24;52;Barretos;SP
 309;Sarah;Freitas;F;1968-10-12;51;Nova Friburgo;RJ
 310;Kevin;Alves;M;1999-03-21;21;Uberlandia;MG
 311;Paola;Santos;F;1967-07-11;52;Curitiba;PR
 312;Fernando;Rocha;M;1968-08-17;51;Rio de Janeiro;RJ
 313;Roberto;Rodrigues;M;1991-05-26;28;Sao Paulo;SP
 314;Isabel;Pereira;F;2005-05-19;15;Maquine;RS
 315;Edson;Rodrigues;M;2002-01-11;18;Cabo Frio;RJ
 316;Yasmin;Freitas;F;1981-12-23;38;Sao Joao Del Rei;MG
 317;Ellen;Oliveira;F;1960-08-19;59;Julio de Castilhos;RS
 318;Ian;Martins;M;1998-11-06;21;Belo Horizonte;MG
 319;Sara;Pinto;F;1983-06-16;36;Alto Parana;PR
 320;Paula;Silva;F;1964-08-03;55;Peruibe;SP
 321;Hugo;Pinto;M;1963-03-19;57;Sao Paulo;SP
 322;Natanael;Cardoso;M;1974-04-06;46;Rio de Janeiro;RJ
 323;Milena;Oliveira;F;1956-04-06;64;Rio de Janeiro;RJ
 324;Alex;Santos;M;1946-05-01;74;Brasilia;DF
 325;Alex;Lima;M;1978-07-01;41;Sorocaba;SP
 326;Erick;Fernandes;M;1950-10-24;69;Sao Paulo;SP
 327;Roberta;Gomes;F;1983-06-21;36;Araguari;MG
 328;Kevin;Mendes;M;1978-06-29;41;Sao Paulo;SP
 329;Anderson;Barbosa;M;1980-05-20;40;Sao Paulo;SP
 330;Artur;Martins;M;1983-12-25;36;Sao Paulo;SP
 331;Davi;Barbosa;M;1977-11-13;42;Ribeirao Preto;SP
 332;Maisa;Freitas;F;2005-05-19;15;Campinas;SP
 333;Diogo;Freitas;M;1999-11-03;20;Belo Horizonte;MG
 334;Leandro;Campos;M;1987-02-19;33;Porto Alegre;RS
 335;Marlon;Araújo;M;2005-05-19;15;Sao Paulo;SP
 336;Leandro;Souza;M;1983-02-26;37;Cruzeiro;SP
 337;Luciano;Santos;M;1942-03-01;78;Dom Pedro;MA
 338;Enzo;Nascimento;M;1972-09-30;47;Camacari;BA
 339;Gabriel;Lima;M;1985-02-08;35;Maceio;AL
 340;Janaina;Lima;F;1962-12-06;57;Alvorada;RS
 341;Gisele;Carvalho;F;1959-07-02;60;Piracicaba;SP
 342;Ian;Oliveira;M;1965-02-01;55;Bauru;SP
 343;Ryan;Monteiro;M;2005-05-19;15;Socorro;SP
 344;Sarah;Souza;F;2003-07-29;16;Sao Paulo;SP
 345;Emerson;Araújo;M;1980-05-21;40;Campinas;SP
 346;Lucas;Araújo;M;1972-01-27;48;Rio de Janeiro;RJ
 347;Milena;Oliveira;F;2000-05-20;20;Sao Caetano do Sul;SP
 348;Vanessa;Barbosa;F;1954-01-02;66;Nepomuceno;MG
 349;Luciana;Castro;F;1981-01-13;39;Cataguases;MG
 350;Mirela;Castro;F;1982-04-08;38;Pocos de Caldas;MG
 351;Francisca;Gomes;F;1965-06-21;54;Paco do Lumiar;MA
 352;Ester;Oliveira;F;1965-03-13;55;Vitoria de Santo Antao;PE
 353;Elias;Monteiro;M;1962-10-14;57;Sao Paulo;SP
 354;Sara;Rodrigues;F;2005-05-19;15;Vila Velha;ES
 355;Marcela;Martins;F;2005-05-19;15;Campinas;SP
 356;Leonardo;Gomes;M;1987-02-04;33;Belo Horizonte;MG
 357;Marco;Barbosa;M;1974-04-24;46;Jundiai;SP
 358;Iasmin;Cardoso;F;1967-11-01;52;Capitao Andrade;MG
 359;Sara;Freitas;F;1969-11-12;50;Vale do Sol;RS
 360;Kaio;Araújo;M;1971-06-28;48;Mateus Leme;MG
 361;Jean;Ribeiro;M;1975-10-18;44;Campinas;SP
 362;Jenifer;Lima;F;1960-09-12;59;Belo Horizonte;MG
 363;Paola;Almeida;F;1964-02-14;56;Cantagalo;RJ
 364;Giovanna;Costa;F;1973-10-10;46;Paulo de Faria;SP
 365;Luciano;Mendes;M;1990-12-23;29;Sao Paulo;SP
 366;Marcela;Carvalho;F;1968-07-23;51;Sao Paulo;SP
 367;Robson;Pereira;M;1991-04-28;29;Caieiras;SP
 368;Douglas;Carvalho;M;1982-07-14;37;Matao;SP
 369;Iago;Moura;M;1943-12-08;76;Limeira;SP
 370;Bruno;Lima;M;1968-06-24;51;Linhares;ES
 371;Juliana;Rodrigues;F;1956-12-04;63;Rio das Ostras;RJ
 372;Edson;Carvalho;M;1977-10-16;42;Rio de Janeiro;RJ
 373;Camila;Silva;F;1991-11-29;28;Pederneiras;SP
 374;Raiane;Fernandes;M;1960-01-19;60;Sao Paulo;SP
 375;Kaio;Mendes;M;1971-02-10;49;Sao Paulo;SP
 376;Caio;Rodrigues;M;1993-04-14;27;Cariacica;ES
 377;Henrique;Lima;M;1975-10-14;44;Itajai;SC
 378;Jean;Moura;M;1959-01-02;61;Vila Nova do Sul;RS
 379;Henrique;Moura;M;1972-04-07;48;Rio de Janeiro;RJ
 380;Everton;Cavalcanti;M;1969-05-24;51;Piracicaba;SP
 381;Sarah;Silva;F;1958-12-10;61;Patos de Minas;MG
 382;Carla;Lima;F;2005-05-19;15;Campos do Jordao;SP
 383;Michele;Castro;F;1970-07-18;49;Guarulhos;SP
 384;Larissa;Oliveira;F;1975-09-26;44;Goiania;GO
 385;Andressa;Monteiro;F;2005-05-19;15;Bauru;SP
 386;Jaqueline;Barros;F;1982-08-23;37;Sao Paulo;SP
 387;Lorena;Ribeiro;F;1990-11-07;29;Praia Grande;SP
 388;Luciana;Silva;F;1951-01-22;69;Rio de Janeiro;RJ
 389;Alan;Almeida;M;1981-08-20;38;Curitiba;PR
 390;Renan;Souza;M;1976-01-13;44;Recife;PE
 391;Ryan;Rodrigues;M;1956-10-08;63;Sao Jose dos Campos;SP
 392;Aline;Rodrigues;F;1985-12-30;34;Cotia;SP
 393;Alex;Rocha;M;1955-05-26;65;Carlopolis;PR
 394;Erik;Souza;M;1992-07-27;27;Sao Mateus;ES
 395;Ruan;Pinto;M;2005-05-19;15;Charqueadas;RS
 396;Eduardo;Moura;M;1966-12-05;53;Barbacena;MG
 397;Marina;Cardoso;F;2005-05-19;15;Sao Jose dos Pinhais;PR
 398;Kauan;Pereira;M;1997-02-13;23;Sao Paulo;SP
 399;Jamile;Castro;F;1935-06-06;85;Niteroi;RJ
 400;Luana;Freitas;F;1991-11-10;28;Sao Paulo;SP
 401;Larissa;Pereira;F;1954-11-08;65;Juiz de Fora;MG
 402;Maria;Ribeiro;F;1965-01-05;55;Rio de Janeiro;RJ
 403;Amanda;Souza;F;1973-08-18;46;Hortolandia;SP
 404;Giovana;Silva;F;1961-01-28;59;Campinas;SP
 405;Iasmin;Oliveira;F;1989-04-05;31;Sao Paulo;SP
 406;Miguel;Silva;M;1978-01-12;42;Curitiba;PR
 407;Roberta;Costa;F;2002-08-01;17;Sao Bento do Sul;SC
 408;Pablo;Pereira;M;1943-06-12;76;Suzano;SP
 409;Igor;Santos;M;1988-12-03;31;Avare;SP
 410;Marcela;Barros;F;1983-04-29;37;Campo Grande;MS
 411;Willian;Carvalho;M;1977-09-18;42;Florianopolis;SC
 412;Davi;Mendes;M;1956-07-23;63;Santarem;PA
 413;Giovanna;Mendes;F;2005-05-19;15;Pitanga de Estrada;PB
 414;Thais;Costa;F;1977-11-03;42;Belo Horizonte;MG
 415;Pedro;Rodrigues;M;2001-07-18;18;Sao Paulo;SP
 416;Fernando;Moura;M;1969-06-29;50;Rio de Janeiro;RJ
 417;Gabriela;Rocha;F;1961-07-26;58;Divinopolis;MG
 418;Iara;Almeida;F;1989-07-27;30;Mogi das Cruzes;SP
 419;Artur;Costa;M;2005-05-19;15;Alvares Machado;SP
 420;Andressa;Moura;F;1954-04-11;66;Marilandia;ES
 421;Marco;Ribeiro;M;1960-11-18;59;Curitiba;PR
 422;Ana;Silva;F;1976-06-03;43;Sao Paulo;SP
 423;Emanuel;Alves;M;1991-11-06;28;Sao Paulo;SP
 424;Milena;Nascimento;F;2000-02-02;20;Sete Lagoas;MG
 425;Caroline;Moura;F;1966-07-28;53;Sao Bernardo do Campo;SP
 426;Ruan;Pinto;M;1998-09-26;21;Paraiba do Sul;RJ
 427;Fernanda;Araújo;F;1988-06-12;31;Curitiba;PR
 428;Hugo;Souza;M;1948-04-12;72;Taubate;SP
 429;Davi;Araújo;M;1979-10-05;40;Juiz de Fora;MG
 430;Kaique;Araújo;M;1987-07-27;32;Niteroi;RJ
 431;Laura;Gomes;F;2000-10-01;19;Pereira Barreto;SP
 432;Renata;Silva;F;2005-05-19;15;Sao Paulo;SP
 433;Francisca;Fernandes;F;1939-02-01;81;Cordeiropolis;SP
 434;Sarah;Costa;F;2005-05-19;15;Sao Tiago;MG
 435;Pietro;Souza;M;2005-05-19;15;Lages;SC
 436;Rafaela;Rodrigues;F;1999-09-19;20;Belo Horizonte;MG
 437;Hugo;Cavalcanti;M;1967-04-25;53;Sao Paulo;SP
 438;Guilherme;Mendes;M;1983-10-10;36;Cafeara;PR
 439;Paloma;Ribeiro;F;1959-08-04;60;Brasilia;DF
 440;Murilo;Dias;M;1951-07-04;68;Rio de Janeiro;RJ
 441;Wilian;Martins;M;1975-03-17;45;Feira de Santana;BA
 442;Thiago;Rodrigues;M;1973-07-09;46;Sao Paulo;SP
 443;Isabele;Rodrigues;F;1942-01-06;78;Itabuna;BA
 444;Erick;Castro;M;1966-08-11;53;Conselheiro Lafaiete;MG
 445;Paloma;Pinto;F;1991-09-02;28;Sao Paulo;SP
 446;Henrique;Pereira;M;1977-05-05;43;Barueri;SP
 447;Nicole;Souza;F;1969-03-30;51;Cotia;SP
 448;Paula;Cardoso;F;1987-02-26;33;Timoteo;MG
 449;Guilherme;Oliveira;M;1983-10-23;36;Santana de Parnaiba;SP
 450;Fabiana;Barros;F;2005-05-19;15;Rio de Janeiro;RJ
 451;Kauan;Carvalho;M;1969-07-18;50;Tangara da Serra;MT
 452;Alexandre;Oliveira;M;2003-12-08;16;Guaira;SP
 453;Jaqueline;Almeida;F;2005-05-19;15;Vitoria;ES
 454;Poliana;Pereira;F;1988-09-06;31;Guarulhos;SP
 455;Priscila;Barbosa;F;1967-10-26;52;Sao Sebastiao;SP
 456;Poliana;Moura;F;1986-06-19;33;Angra dos Reis;RJ
 457;Alison;Pinto;F;1976-05-25;44;Sao Paulo;SP
 458;Heitor;Alves;M;2001-04-25;19;Erechim;RS
 459;Marina;Barros;F;1988-08-05;31;Belo Horizonte;MG
 460;Alan;Monteiro;M;2005-03-04;15;Brasilia;DF
 461;Luiza;Martins;F;1998-10-29;21;Varzea Paulista;SP
 462;Franciele;Alves;F;1980-04-01;40;Fortaleza;CE
 463;Jean;Lima;M;1949-07-23;70;Barueri;SP
 464;Isabela;Campos;F;1976-12-07;43;Praia Grande;SP
 465;Bruna;Moura;F;1975-12-16;44;Jundiai;SP
 466;Ingrid;Mendes;F;1981-01-26;39;Belo Horizonte;MG
 467;Wilian;Rocha;M;2005-05-19;15;Sao Paulo;SP
 468;Gustavo;Castro;M;1981-04-22;39;Porto Alegre;RS
 469;Erick;Pereira;M;1992-02-16;28;Sao Paulo;SP
 470;Samuel;Araújo;M;1953-05-05;67;Belo Horizonte;MG
 471;Luan;Fernandes;M;2005-05-19;15;Recife;PE
 472;Alessandra;Cavalcanti;F;2005-05-19;15;Sao Paulo;SP
 473;Willian;Cavalcanti;M;1938-10-25;81;Pirapora;MG
 474;Douglas;Mendes;M;1968-04-21;52;Joinville;SC
 475;Miguel;Nascimento;M;1989-11-05;30;Rio de Janeiro;RJ
 476;Jamile;Freitas;F;1959-04-07;61;Sao Paulo;SP
 477;Erick;Nascimento;M;1992-04-27;28;Vera Cruz;SP
 478;Samuel;Pereira;M;2002-07-15;17;Fortaleza;CE
 479;Elias;Costa;M;1973-02-12;47;Patos de Minas;MG
 480;Felipe;Freitas;M;2000-02-07;20;Maringa;PR
 481;Erik;Fernandes;M;1966-02-15;54;Vitoria;ES
 482;Emanuel;Cavalcanti;M;1996-01-11;24;Mariana;MG
 483;Mateus;Dias;M;1991-04-13;29;Campos dos Goytacazes;RJ
 484;Jonas;Cavalcanti;M;1954-06-03;65;Sao Paulo;SP
 485;Milena;Alves;F;1982-10-05;37;Francisco Morato;SP
 486;Joana;Costa;F;1985-07-11;34;Sao Bernardo do Campo;SP
 487;Manuela;Ribeiro;F;1996-08-01;23;Maceio;AL
 488;Karen;Mendes;F;1988-04-03;32;Rio de Janeiro;RJ
 489;Carolina;Cavalcanti;F;1982-10-16;37;Marica;RJ
 490;Juliana;Cavalcanti;F;1955-03-23;65;Ubatuba;SP
 491;Pedro;Almeida;M;1969-04-09;51;Bertioga;SP
 492;Maisa;Mendes;F;1955-03-02;65;Brasilia;DF
 493;Jaqueline;Carvalho;F;1981-12-31;38;Paracatu;MG
 494;Alexandre;Cardoso;M;1988-07-24;31;Sao Caetano do Sul;SP
 495;Isabele;Almeida;F;1993-03-17;27;Santos;SP
 496;Jorge;Araújo;M;1983-07-02;36;Uberaba;MG
 497;Alison;Castro;F;1971-01-01;49;Sao Luis;MA
 498;Jenifer;Pinto;F;1966-03-24;54;Sao Paulo;SP
 499;Lucas;Freitas;M;1993-08-02;26;Pitangui;MG
 500;Thiago;Martins;M;1964-08-18;55;Barueri;SP
 501;Ryan;Santos;M;1935-06-06;85;Ji-Parana;RO
 502;Melissa;Dias;F;1956-05-08;64;Betim;MG
 503;Luiza;Almeida;F;1952-05-01;68;Nova Iguacu;RJ
 504;Maiara;Mendes;F;1993-06-28;26;Sao Paulo;SP
 505;Eduardo;Alves;M;2000-01-18;20;Jundiai;SP
 506;Everton;Almeida;M;1939-03-18;81;Miracema;RJ
 507;Maisa;Carvalho;F;1975-03-03;45;Palma;MG
 508;Janaina;Fernandes;F;2005-05-19;15;Ponte Nova;MG
 509;Eric;Nascimento;M;1965-11-06;54;Laurentino;SC
 510;Kaique;Nascimento;M;1955-01-21;65;Diadema;SP
 511;Luciana;Martins;F;1965-10-26;54;Sao Paulo;SP
 512;Melissa;Freitas;F;1965-12-12;54;Americana;SP
 513;Danilo;Gomes;M;1951-11-11;68;Jundiai;SP
 514;Nicole;Barbosa;F;1945-05-25;75;Santa Rosa;RS
 515;Sabrina;Moura;F;1993-02-09;27;Pedra;PE
 516;Emerson;Rodrigues;M;1954-06-25;65;Sao Jose dos Campos;SP
 517;Larissa;Gomes;F;1996-03-20;24;Belo Horizonte;MG
 518;Gabriel;Freitas;M;1949-12-15;70;Aracati;CE
 519;Alex;Barros;M;1974-08-31;45;Missal;PR
 520;Wesley;Barros;M;1992-08-30;27;Vitoria da Conquista;BA
 521;Yasmin;Ribeiro;F;1952-08-27;67;Joinville;SC
 522;Luciano;Araújo;M;1974-02-16;46;Sao Jose dos Campos;SP
 523;Thiago;Costa;M;1935-06-06;85;Boituva;SP
 524;Gabriel;Martins;M;1972-06-08;47;Governador Valadares;MG
 525;Erick;Fernandes;M;1962-01-23;58;Rio Branco do Sul;PR
 526;Artur;Moura;M;2005-05-19;15;Rio de Janeiro;RJ
 527;Lucas;Souza;M;1984-08-02;35;Nova Santa Rosa;PR
 528;Kaio;Monteiro;M;2005-05-19;15;Sao Paulo;SP
 529;Ruan;Rocha;M;1975-08-23;44;Pato Branco;PR
 530;Rodrigo;Mendes;M;2005-05-19;15;Mairipora;SP
 531;Pietro;Carvalho;M;1967-08-12;52;Rio de Janeiro;RJ
 532;Daniela;Cardoso;F;1987-03-19;33;Sao Paulo;SP
 533;Douglas;Pinto;M;1991-01-17;29;Uniao do Sul;MT
 534;Danilo;Mendes;M;2004-08-09;15;Sao Paulo;SP
 535;Marcela;Carvalho;F;2005-05-19;15;Sao Sebastiao do Paraiso;MG
 536;Raiane;Pereira;M;1963-01-23;57;Natal;RN
 537;Thais;Alves;F;1981-06-24;38;Campos dos Goytacazes;RJ
 538;Juliana;Costa;F;1978-03-17;42;Arroio do Sal;RS
 539;Eric;Dias;M;1999-03-01;21;Sao Sebastiao do Paraiso;MG
 540;Marcos;Rocha;M;1979-06-04;40;Mage;RJ
 541;Jamile;Freitas;F;1963-03-08;57;Peruibe;SP
 542;Gabriele;Araújo;F;1991-09-25;28;Sao Jose dos Campos;SP
 543;Carolina;Alves;F;1963-12-03;56;Tiangua;CE
 544;Lara;Dias;F;1979-01-23;41;Natal;RN
 545;Jamile;Souza;F;1963-07-28;56;Guarulhos;SP
 546;Diego;Santos;M;1935-06-06;85;Salvador;BA
 547;Enzo;Barbosa;M;1956-12-04;63;Ibitinga;SP
 548;Marcos;Cardoso;M;2005-05-19;15;Sao Paulo;SP
 549;Diego;Castro;M;2005-05-19;15;Esteio;RS
 550;Danilo;Castro;M;2005-05-19;15;Orlandia;SP
 551;Diogo;Barbosa;M;2005-05-19;15;Sao Paulo;SP
 552;Carlos;Rocha;M;2005-05-19;15;Sao Paulo;SP
 553;Diego;Silva;M;1947-09-09;72;Santo Andre;SP
 554;Bernardo;Rocha;M;1973-12-08;46;Paulo Jacinto;AL
 555;Jaqueline;Lima;F;1975-05-07;45;Maringa;PR
 556;Francisco;Cavalcanti;M;1935-06-06;85;Sao Paulo;SP
 557;Marcelo;Cardoso;M;1991-08-17;28;Sao Paulo;SP
 558;Mateus;Santos;M;1997-06-28;22;Carangola;MG
 559;Marcela;Lima;F;1946-06-10;73;Canoas;RS
 560;Paula;Castro;F;1994-09-30;25;Sao Bernardo do Campo;SP
 561;Janaina;Barbosa;F;1976-06-23;43;Abre Campo;MG
 562;Davi;Dias;M;1995-08-30;24;Sao Paulo;SP
 563;Ana;Martins;F;1987-05-23;33;Rio de Janeiro;RJ
 564;Geovana;Barbosa;F;1989-09-10;30;Sao Bernardo do Campo;SP
 565;Caio;Carvalho;M;1996-06-25;23;Rio de Janeiro;RJ
 566;Fernanda;Rodrigues;F;1985-04-16;35;Guarapari;ES
 567;Aline;Gomes;F;1981-11-07;38;Mogi das Cruzes;SP
 568;Douglas;Lima;M;1998-12-29;21;Sao Bernardo do Campo;SP
 569;Paola;Moura;F;1985-09-07;34;Governador Valadares;MG
 570;Marcos;Dias;M;1954-12-15;65;Nilopolis;RJ
 571;Manuela;Martins;F;2005-05-19;15;Americana;SP
 572;Roberto;Barros;M;1993-08-26;26;Niteroi;RJ
 573;Emilly;Ribeiro;F;2004-06-06;15;Sao Paulo;SP
 574;Sabrina;Mendes;F;1997-03-08;23;Santa Barbara D'oeste;SP
 575;Joana;Silva;F;1985-11-28;34;Mage;RJ
 576;Igor;Rodrigues;M;2005-05-19;15;Queimados;RJ
 577;Rian;Pereira;M;1978-11-01;41;Piracicaba;SP
 578;Isabele;Santos;F;1993-04-22;27;Passa Quatro;MG
 579;Milena;Pinto;F;2005-05-19;15;Rio de Janeiro;RJ
 580;Vanessa;Carvalho;F;2005-05-19;15;Barueri;SP
 581;Ana;Cardoso;F;1998-03-21;22;Guanhaes;MG
 582;Alessandra;Barros;F;1988-09-19;31;Rio Azul;PR
 583;Paloma;Oliveira;F;1964-11-10;55;Uberlandia;MG
 584;Caroline;Cardoso;F;1968-07-24;51;Sao Paulo;SP
 585;Ester;Almeida;F;2000-07-30;19;Ilheus;BA
 586;Pablo;Cavalcanti;M;2000-05-15;20;Maceio;AL
 587;Lorena;Pereira;F;1991-06-19;28;Sao Caetano do Sul;SP
 588;Francisco;Cavalcanti;M;2005-05-19;15;Pinhalzinho;SC
 589;Carla;Ribeiro;F;1994-06-06;25;Caxias do Sul;RS
 590;Roberto;Mendes;M;1963-12-20;56;Votuporanga;SP
 591;Wilian;Barbosa;M;1975-11-20;44;Sao Paulo;SP
 592;Alana;Lima;F;1973-11-25;46;Luziania;GO
 593;Poliana;Martins;F;1975-06-16;44;Camaragibe;PE
 594;Augusto;Moura;M;1938-06-20;81;Botucatu;SP
 595;Anna;Almeida;F;1998-08-05;21;Barra do Bugres;MT
 596;Amanda;Araújo;F;1994-10-07;25;Niteroi;RJ
 597;Ellen;Costa;F;1984-06-18;35;Sao Paulo;SP
 598;Tiago;Moura;M;1976-05-18;44;Sao Paulo;SP
 599;Thais;Carvalho;F;1983-11-09;36;Sao Jose do Rio Preto;SP
 600;Fernanda;Freitas;F;1979-04-01;41;Montes Claros;MG
 601;Giovanna;Barros;F;1998-06-26;21;Madre de Deus;BA
 602;Luciana;Souza;F;1944-03-23;76;Sao Jose;SC
 603;Wesley;Dias;M;1967-01-01;53;Miranda;MS
 604;Gabriela;Gomes;F;1971-01-07;49;Cotia;SP
 605;Erick;Pinto;M;1991-10-14;28;Osasco;SP
 606;Paloma;Rodrigues;F;1970-04-09;50;Bayeux;PB
 607;Francisco;Oliveira;M;1943-02-26;77;Santo Andre;SP
 608;Francisca;Santos;F;2005-05-19;15;Belo Horizonte;MG
 609;Samuel;Cardoso;M;1985-06-14;34;Araujos;MG
 610;Clara;Martins;F;1989-07-07;30;Rio Grande;RS
 611;Pietro;Souza;M;2005-05-19;15;Santana de Parnaiba;SP
 612;Rian;Moura;M;1984-10-15;35;Varzea Paulista;SP
 613;Ariane;Rodrigues;F;1987-04-01;33;Bonfim Paulista;SP
 614;Eduarda;Almeida;F;1994-03-05;26;Niteroi;RJ
 615;Giovanna;Silva;F;1987-04-02;33;Alcantara;MA
 616;Danilo;Almeida;M;2005-05-19;15;Vila Velha;ES
 617;Rodrigo;Nascimento;M;1957-12-07;62;Nova Olimpia;MT
 618;Kevin;Araújo;M;1991-03-01;29;Rio de Janeiro;RJ
 619;Thiago;Martins;M;1971-12-27;48;Recife;PE
 620;Alexandre;Almeida;M;1977-04-27;43;Tupa;SP
 621;David;Ribeiro;M;1979-05-09;41;Rio de Janeiro;RJ
 622;Alexandre;Alves;M;1951-07-03;68;Suzano;SP
 623;Luana;Araújo;F;1994-09-24;25;Sao Paulo;SP
 624;Thais;Rocha;F;1989-01-24;31;Gouveia;MG
 625;Andressa;Pinto;F;1949-05-12;71;Sete Lagoas;MG
 626;Erik;Martins;M;1969-07-27;50;Braganca Paulista;SP
 627;Naiara;Freitas;F;1985-04-08;35;Viamao;RS
 628;Hugo;Freitas;M;1992-06-13;27;Sao Paulo;SP
 629;Alana;Oliveira;F;1953-07-21;66;Planaltina;GO
 630;Evelin;Souza;F;1975-04-24;45;Tres Rios;RJ
 631;Kaio;Monteiro;M;1941-10-26;78;Santos;SP
 632;Erick;Castro;M;1966-11-05;53;Caxias do Sul;RS
 633;Isabela;Rodrigues;F;1972-06-01;47;Guaxupe;MG
 634;Daniela;Nascimento;F;1992-12-06;27;Sao Paulo;SP
 635;Raquel;Martins;F;1980-06-15;39;Sao Paulo;SP
 636;Isabele;Martins;F;1963-07-16;56;Sao Paulo;SP
 637;Luiz;Nascimento;M;1971-12-03;48;Belo Horizonte;MG
 638;Gabriele;Cavalcanti;F;1991-09-04;28;Sao Paulo;SP
 639;Gustavo;Martins;M;1947-08-10;72;Joinville;SC
 640;Rebeca;Dias;F;1974-05-27;46;Nilopolis;RJ
 641;Rian;Martins;M;1980-09-05;39;Maringa;PR
 642;Maria;Martins;F;2005-05-19;15;Teofilo Otoni;MG
 643;Mayara;Costa;F;1999-05-22;20;Praia Grande;SP
 644;Caroline;Alves;F;1982-08-03;37;Sao Joao;PR
 645;Ellen;Cardoso;F;1946-10-22;73;Rio de Janeiro;RJ
 646;Yuri;Santos;M;1994-01-17;26;Sao Paulo;SP
 647;Maicon;Barros;M;2003-01-10;17;Santana de Parnaiba;SP
 648;Eduarda;Almeida;F;1977-01-04;43;Sao Paulo;SP
 649;Talita;Barbosa;F;1966-11-14;53;Jacunda;PA
 650;Augusto;Mendes;M;2003-04-28;17;Coromandel;MG
 651;Bruna;Ribeiro;F;2005-05-19;15;Ipora;GO
 652;Beatriz;Rocha;F;1994-03-19;26;Santa Helena de Goias;GO
 653;Jaqueline;Pereira;F;1992-05-21;28;Cruz das Almas;BA
 654;Hugo;Martins;M;1953-03-07;67;Sao Paulo;SP
 655;Arthur;Monteiro;M;1989-05-20;31;Carapicuiba;SP
 656;Edson;Carvalho;M;1976-05-30;43;Sao Paulo;SP
 657;Renan;Pereira;M;1945-03-31;75;Barueri;SP
 658;Douglas;Martins;M;2005-05-19;15;Sao Paulo;SP
 659;Leandro;Pinto;M;1994-08-02;25;Maceio;AL
 660;Tainara;Lima;F;1983-08-27;36;Lorena;SP
 661;Rodrigo;Monteiro;M;1966-02-24;54;Jequie;BA
 662;Clara;Dias;F;1981-11-10;38;Santos;SP
 663;Paloma;Araújo;F;1972-12-02;47;Rio Grande;RS
 664;Jorge;Cavalcanti;M;1992-08-15;27;Sao Paulo;SP
 665;Rafael;Araújo;M;1973-05-02;47;Nova Iguacu;RJ
 666;Rian;Costa;M;1963-01-29;57;Sao Paulo;SP
 667;Artur;Cardoso;M;1980-07-16;39;Sao Paulo;SP
 668;Sara;Martins;F;1978-01-08;42;Osasco;SP
 669;Melissa;Santos;F;1959-11-27;60;Campo Mourao;PR
 670;Maiara;Fernandes;F;1970-01-17;50;Fazenda Nova;GO
 671;Edson;Alves;M;1986-02-15;34;Vargem Alta;ES
 672;Wesley;Nascimento;M;1963-08-26;56;Guarulhos;SP
 673;Maria;Monteiro;F;1956-01-16;64;Indaiatuba;SP
 674;Isabele;Barros;F;1988-07-22;31;Sao Jose do Vale do Rio Preto;RJ
 675;Alessandra;Souza;F;1999-03-12;21;Rio Grande;RS
 676;Juan;Cavalcanti;M;1988-04-18;32;Sao Paulo;SP
 677;Eric;Nascimento;M;1996-12-25;23;Sao Paulo;SP
 678;Lais;Cavalcanti;F;1975-10-24;44;Aracaju;SE
 679;Isadora;Cardoso;F;1988-08-31;31;Sao Bernardo do Campo;SP
 680;Juliana;Gomes;F;1994-04-24;26;Sao Paulo;SP
 681;Douglas;Alves;M;2004-08-14;15;Sao Joao Del Rei;MG
 682;Wilian;Lima;M;2005-05-19;15;Florianopolis;SC
 683;Pietro;Pereira;M;1958-07-07;61;Sao Paulo;SP
 684;Rafael;Barros;M;1968-09-06;51;Nova Iguacu;RJ
 685;Rafael;Souza;M;1968-05-13;52;Sao Paulo;SP
 686;Anna;Gomes;F;1986-11-30;33;Aracaju;SE
 687;Arthur;Santos;M;2003-10-05;16;Betim;MG
 688;Carla;Rocha;F;1984-03-18;36;Porto Alegre;RS
 689;Guilherme;Martins;M;1961-04-28;59;Pelotas;RS
 690;Diego;Almeida;M;1991-03-31;29;Sao Paulo;SP
 691;Franciele;Barbosa;F;1968-10-11;51;Sao Paulo;SP
 692;Caroline;Pinto;F;1970-05-23;50;Sao Paulo;SP
 693;Alison;Costa;F;1964-12-25;55;Belem;PA
 694;Isabela;Araújo;F;1969-07-12;50;Rio de Janeiro;RJ
 695;Carlos;Alves;M;1978-02-28;42;Pedro Leopoldo;MG
 696;Priscila;Dias;F;1978-10-31;41;Itabuna;BA
 697;Alessandra;Lima;F;1954-02-09;66;Salto;SP
 698;Samara;Cardoso;F;1965-01-08;55;Jundiai;SP
 699;Ryan;Araújo;M;1990-06-18;29;Fortaleza;CE
 700;Robson;Cardoso;M;1998-12-05;21;Rio de Janeiro;RJ
 701;Luan;Alves;M;1974-03-17;46;Garopaba;SC
 702;Paulo;Santos;M;1957-11-24;62;Rio de Janeiro;RJ
 703;Marcela;Castro;F;1980-01-19;40;Jacarei;SP
 704;Elen;Mendes;F;1962-09-06;57;Sao Paulo;SP
 705;Laura;Moura;F;1963-12-29;56;Extrema;RO
 706;Cauan;Rocha;M;1977-12-13;42;Indaiatuba;SP
 707;Milena;Dias;F;1993-09-02;26;Sao Paulo;SP
 708;Maicon;Carvalho;M;2005-05-19;15;Vargem Grande Paulista;SP
 709;Wesley;Mendes;M;1953-03-05;67;Sao Paulo;SP
 710;David;Moura;M;1986-01-18;34;Novo Hamburgo;RS
 711;Isabel;Silva;F;1971-03-12;49;Campina Grande;PB
 712;Emanuel;Rocha;M;2005-05-19;15;Sorocaba;SP
 713;Pablo;Souza;M;2002-08-22;17;Guarulhos;SP
 714;Maicon;Cardoso;M;2005-05-19;15;Rio de Janeiro;RJ
 715;Marco;Dias;M;1977-12-09;42;Sao Paulo;SP
 716;Poliana;Cavalcanti;F;1969-09-11;50;Sao Paulo;SP
 717;Talita;Santos;F;1993-09-01;26;Belo Horizonte;MG
 718;Alison;Freitas;F;2005-05-19;15;Betim;MG
 719;Samara;Campos;F;1935-06-06;85;Sao Bernardo do Campo;SP
 720;Kevin;Gomes;M;2005-05-19;15;Sao Paulo;SP
 721;Thiago;Pereira;M;1961-05-12;59;Guaratuba;PR
 722;Giovana;Rocha;F;1981-10-11;38;Vitoria da Conquista;BA
 723;Luiz;Barros;M;1988-10-31;31;Sao Paulo;SP
 724;Geovana;Alves;F;1996-11-06;23;Barueri;SP
 725;Kaique;Cavalcanti;M;1949-03-28;71;Santo Andre;SP
 726;Breno;Dias;M;2003-07-14;16;Sao Paulo;SP
 727;Arthur;Moura;M;1977-02-09;43;Canavieiras;BA
 728;Gabriele;Souza;F;1975-05-19;45;Mairinque;SP
 729;Ingrid;Moura;F;2000-11-28;19;Porto Xavier;RS
 730;Carla;Oliveira;F;1974-06-11;45;Porto Alegre;RS
 731;Luciano;Alves;M;1945-12-22;74;Itajai;SC
 732;Melissa;Oliveira;F;1947-05-07;73;Blumenau;SC
 733;Ryan;Mendes;M;1977-06-28;42;Joinville;SC
 734;Fernanda;Moura;F;1988-07-08;31;Vila Velha;ES
 735;Gabriele;Lima;F;1972-01-27;48;Sao Carlos;SP
 736;Daniel;Freitas;M;1997-12-31;22;Nova Santa Rosa;PR
 737;Mateus;Souza;M;1996-05-02;24;Sao Miguel;RN
 738;Diego;Freitas;M;1982-08-18;37;Sao Paulo;SP
 739;Rayane;Moura;F;2005-05-19;15;Cambuquira;MG
 740;Danilo;Martins;M;1979-08-05;40;Sao Paulo;SP
 741;Mariana;Nascimento;F;1966-02-11;54;Guarapari;ES
 742;David;Freitas;M;1999-08-01;20;Sao Jose dos Campos;SP
 743;Bianca;Lima;F;2005-05-19;15;Sao Paulo;SP
 744;Daniel;Barros;M;1961-12-17;58;Embu-Guacu;SP
 745;Samuel;Campos;M;1945-08-24;74;Assis;SP
 746;Luiza;Pinto;F;1993-10-14;26;Sao Paulo;SP
 747;Murilo;Gomes;M;1941-02-07;79;Sao Paulo;SP
 748;Gabriel;Mendes;M;1972-11-24;47;Brasilia;DF
 749;Camila;Almeida;F;2005-05-19;15;Rio de Janeiro;RJ
 750;Rian;Souza;M;1944-06-20;75;Canoas;RS
 751;Caroline;Castro;F;1997-02-26;23;Guarulhos;SP
 752;Carla;Monteiro;F;2005-05-19;15;Santana do Manhuacu;MG
 753;Aline;Pinto;F;1985-12-22;34;Rio de Janeiro;RJ
 754;Alexandre;Carvalho;M;1995-06-02;24;Sao Paulo;SP
 755;Francisco;Araújo;M;2003-04-04;17;Curitiba;PR
 756;Renata;Barros;F;1992-03-14;28;Sao Joao de Meriti;RJ
 757;Luiza;Nascimento;F;1992-06-16;27;Varzea Grande;MT
 758;Gabriel;Souza;M;1963-08-19;56;Campinas;SP
 759;Fernanda;Nascimento;F;1985-11-02;34;Sao Jose;SC
 760;Mariana;Araújo;F;1982-07-27;37;Joao Pessoa;PB
 761;Adriano;Almeida;M;2001-09-26;18;Sao Paulo;SP
 762;Ellen;Pinto;F;1997-01-27;23;Aruja;SP
 763;Naiara;Pereira;F;1967-03-31;53;Florianopolis;SC
 764;Roberto;Santos;M;1957-03-12;63;Presidente Prudente;SP
 765;Fernando;Dias;M;1976-11-07;43;Sao Paulo;SP
 766;Thais;Lima;F;1995-06-16;24;Vargem Grande Paulista;SP
 767;Beatriz;Nascimento;F;1985-07-13;34;Brasilia;DF
 768;Natan;Campos;M;1953-12-21;66;Sao Jose da Barra;MG
 769;Iara;Fernandes;F;1986-12-06;33;Sao Paulo;SP
 770;Filipe;Rodrigues;M;1998-07-13;21;Brasilia;DF
 771;Richard;Souza;M;1993-03-08;27;Franca;SP
 772;Ryan;Carvalho;M;1998-10-22;21;Maua;SP
 773;Daniela;Araújo;F;1986-12-23;33;Pouso Alegre;MG
 774;Laura;Rodrigues;F;1951-10-02;68;Sao Paulo;SP
 775;Camila;Oliveira;F;1994-07-23;25;Itamonte;MG
 776;Poliana;Campos;F;1969-12-22;50;Marilia;SP
 777;Douglas;Nascimento;M;1996-07-27;23;Sao Paulo;SP
 778;Vanessa;Lima;F;1995-04-18;25;Sao Paulo;SP
 779;Tamires;Costa;F;2005-05-19;15;Rio Grande;RS
 780;Douglas;Araújo;M;2004-03-19;16;Sao Bernardo do Campo;SP
 781;Luiz;Dias;M;1979-08-13;40;Itatiba;SP
 782;Paulo;Campos;M;1958-09-08;61;Brasilia;DF
 783;Sophia;Souza;F;1976-11-15;43;Agua Boa;MT
 784;Breno;Nascimento;M;1992-05-06;28;Campos Gerais;MG
 785;Iago;Rocha;M;1948-02-15;72;Sao Joao de Meriti;RJ
 786;Igor;Ribeiro;M;1999-02-23;21;Belo Horizonte;MG
 787;Clara;Pinto;F;1980-01-06;40;Sao Paulo;SP
 788;Mariana;Pinto;F;1977-04-12;43;Joao Pessoa;PB
 789;Paulo;Barros;M;1955-06-26;64;Taubate;SP
 790;Tiago;Cardoso;M;1977-04-28;43;Pedreira;SP
 791;Everton;Barros;M;2005-05-18;15;Bom Despacho;MG
 792;Murilo;Carvalho;M;1999-08-14;20;Sao Paulo;SP
 793;Guilherme;Lima;M;1999-08-23;20;Santa Tereza do Oeste;PR
 794;Alison;Lima;F;1984-08-20;35;Sao Vicente;SP
 795;Renato;Gomes;M;1970-04-11;50;Maua;SP
 796;Luan;Costa;M;1945-10-25;74;Santa Barbara D'oeste;SP
 797;Michele;Freitas;F;1960-05-30;60;Itapeva;SP
 798;Jamile;Freitas;F;2005-05-19;15;Sao Paulo;SP
 799;Rayane;Gomes;F;1991-09-12;28;Brasilia;DF
 800;Larissa;Almeida;F;1943-02-27;77;Foz do Iguacu;PR
 801;Gustavo;Carvalho;M;1937-03-07;83;Sao Paulo;SP
 802;Jenifer;Santos;F;1956-11-23;63;Belem;PA
 803;Laura;Costa;F;1968-01-10;52;Salvador;BA
 804;Tiago;Freitas;M;1980-03-25;40;Vitoria;ES
 805;Ricardo;Fernandes;M;1972-07-21;47;Frederico Westphalen;RS
 806;Francisca;Costa;F;1971-03-29;49;Sao Caetano do Sul;SP
 807;Francisca;Barbosa;F;2004-10-10;15;Campinas;SP
 808;Kaique;Cardoso;M;2002-10-29;17;Blumenau;SC
 809;Marcos;Costa;M;1960-07-18;59;Macae;RJ
 810;Samara;Carvalho;F;2005-05-19;15;Aracoiaba da Serra;SP
 811;Manuela;Cavalcanti;F;1977-12-03;42;Dracena;SP
 812;Felipe;Mendes;M;1968-08-05;51;Sao Paulo;SP
 813;Luana;Moura;F;1964-04-25;56;Belo Horizonte;MG
 814;Ana;Nascimento;F;1980-03-31;40;Sao Paulo;SP
 815;Alana;Costa;F;2005-05-19;15;Limeira;SP
 816;Sofia;Ribeiro;F;1988-06-28;31;Niteroi;RJ
 817;Jamile;Cavalcanti;F;1965-08-31;54;Valinhos;SP
 818;Yuri;Campos;M;1970-09-09;49;Abreu E Lima;PE
 819;Ruan;Freitas;M;1963-10-29;56;Sao Paulo;SP
 820;Pedro;Gomes;M;1983-10-19;36;Murici;AL
 821;Leandro;Moura;M;1952-09-12;67;Sao Paulo;SP
 822;Joana;Almeida;F;1962-08-26;57;Sao Paulo;SP
 823;Joana;Araújo;F;1976-10-05;43;Goias;GO
 824;Carla;Pinto;F;1992-01-29;28;Ribeirao Preto;SP
 825;Hugo;Freitas;M;1945-07-20;74;Sao Paulo;SP
 826;Alison;Freitas;F;2005-05-19;15;Sao Paulo;SP
 827;Sara;Nascimento;F;1955-10-14;64;Macae;RJ
 828;Guilherme;Pinto;M;1968-11-02;51;Caieiras;SP
 829;Manuela;Costa;F;1977-08-16;42;Paraguacu Paulista;SP
 830;Ellen;Rocha;F;1958-06-17;61;Sao Paulo;SP
 831;Ruan;Monteiro;M;1991-11-08;28;Amparo;SP
 832;Maicon;Rocha;M;1966-01-12;54;Sao Paulo;SP
 833;Wilian;Pereira;M;1999-09-02;20;Ubajara;CE
 834;Ruan;Almeida;M;2005-05-19;15;Porto Alegre;RS
 835;Adriele;Monteiro;F;2004-06-23;15;Rio de Janeiro;RJ
 836;Renan;Oliveira;M;1989-08-01;30;Ribeirao Preto;SP
 837;Francisca;Gomes;F;1936-08-11;83;Eliseu Martins;PI
 838;Iara;Carvalho;F;1994-05-27;25;Santos;SP
 839;Joice;Castro;F;2000-11-02;19;Sao Paulo;SP
 840;Edson;Nascimento;M;1993-06-18;26;Cerquilho;SP
 841;Elias;Carvalho;M;2005-05-19;15;Visconde do Rio Branco;MG
 842;Sophia;Almeida;F;1976-05-28;43;Volta Redonda;RJ
 843;Ana;Fernandes;F;1969-10-31;50;Serra Azul;SP
 844;Alexandre;Mendes;M;1980-04-10;40;Campina Verde;MG
 845;Sarah;Campos;F;1984-02-09;36;Sao Paulo;SP
 846;Lara;Castro;F;1973-01-15;47;Sao Paulo;SP
 847;Janaina;Nascimento;F;1959-12-14;60;Maceio;AL
 848;Aline;Rocha;F;1958-10-19;61;Cariacica;ES
 849;Igor;Nascimento;M;1951-06-05;68;Guarulhos;SP
 850;Marcelo;Lima;M;1994-02-08;26;Sao Paulo;SP
 851;Davi;Freitas;M;2005-05-19;15;Jau;SP
 852;Paola;Campos;F;1996-04-08;24;Porto Alegre;RS
 853;Maicon;Martins;M;2005-05-19;15;Londrina;PR
 854;Larissa;Oliveira;F;2005-03-19;15;Poa;SP
 855;Caio;Ribeiro;M;1970-02-23;50;Mogi das Cruzes;SP
 856;Ellen;Barros;F;1972-02-17;48;Mantenopolis;ES
 857;Isadora;Freitas;F;2005-05-19;15;Sao Paulo;SP
 858;Gustavo;Mendes;M;1991-08-12;28;Varginha;MG
 859;Carla;Nascimento;F;1970-04-27;50;Sao Paulo;SP
 860;Luiz;Cavalcanti;M;1946-05-10;74;Contagem;MG
 861;Gabriele;Rocha;F;1953-05-21;67;Sao Paulo;SP
 862;Henrique;Rodrigues;M;1989-07-12;30;Florianopolis;SC
 863;Jaqueline;Moura;F;1945-12-17;74;Sao Paulo;SP
 864;Fernando;Carvalho;M;2005-05-19;15;Tiete;SP
 865;Kevin;Cavalcanti;M;1950-06-29;69;Guarapari;ES
 866;Renato;Rocha;M;1963-01-24;57;Goiania;GO
 867;Alice;Campos;F;1986-01-31;34;Sao Paulo;SP
 868;Janaina;Cavalcanti;F;1938-05-04;82;Apiaca;ES
 869;Emily;Moura;F;1977-01-10;43;Presidente Epitacio;SP
 870;Maiara;Barbosa;F;1976-08-22;43;Jordania;MG
 871;Isaque;Costa;M;1964-10-05;55;Paracambi;RJ
 872;Ricardo;Souza;M;2005-05-19;15;Sao Paulo;SP
 873;Paulo;Cardoso;M;1998-01-20;22;Nova Olinda do Maranhao;MA
 874;Giovana;Cardoso;F;1980-09-03;39;Rio de Janeiro;RJ
 875;Viviane;Souza;F;1970-04-14;50;Sao Paulo;SP
 876;Richard;Moura;M;1990-05-23;30;Candido Mota;SP
 877;Emily;Fernandes;F;1994-04-21;26;Rio de Janeiro;RJ
 878;Rafael;Freitas;M;1985-12-14;34;Rio de Janeiro;RJ
 879;Victor;Moura;M;1974-12-11;45;Belford Roxo;RJ
 880;Willian;Rodrigues;M;1955-06-02;64;Belo Horizonte;MG
 881;Richard;Monteiro;M;1971-04-04;49;Porto Ferreira;SP
 882;Luiz;Gomes;M;1965-02-07;55;Aracatuba;SP
 883;Bruno;Souza;M;1972-07-27;47;Natal;RN
 884;Ester;Gomes;F;1991-05-03;29;Brasilia;DF
 885;Aline;Santos;F;1989-09-30;30;Alem Paraiba;MG
 886;Pablo;Castro;M;2002-07-11;17;Arroio dos Ratos;RS
 887;Henrique;Lima;M;1964-09-12;55;Recife;PE
 888;Rafael;Oliveira;M;1993-05-09;27;Barretos;SP
 889;Adriano;Santos;M;1958-12-07;61;Urucuia;MG
 890;Artur;Alves;M;1973-02-26;47;Sao Paulo;SP
 891;Juliana;Santos;F;1942-02-10;78;Curitiba;PR
 892;Alana;Fernandes;F;1969-05-03;51;Rio de Janeiro;RJ
 893;Marcela;Monteiro;F;1984-08-07;35;Rio de Janeiro;RJ
 894;Leonardo;Monteiro;M;1988-07-30;31;Martinho Campos;MG
 895;Breno;Almeida;M;1978-01-13;42;Araraquara;SP
 896;Guilherme;Barbosa;M;1958-12-06;61;Varginha;MG
 897;Leonardo;Carvalho;M;1979-08-12;40;Sao Paulo;SP
 898;Hugo;Freitas;M;1983-08-02;36;Pindamonhangaba;SP
 899;Ricardo;Souza;M;2005-05-19;15;Rio de Janeiro;RJ
 900;Evelin;Campos;F;1986-12-08;33;Sao Paulo;SP
 901;Talita;Barros;F;1978-11-29;41;Sao Paulo;SP
 902;Willian;Oliveira;M;1964-07-24;55;Canapi;AL
 903;Rafael;Carvalho;M;1975-09-02;44;Barueri;SP
 904;Janaina;Fernandes;F;1955-10-02;64;Icara;SC
 905;Richard;Alves;M;1959-10-16;60;Nova Olinda;CE
 906;Rodrigo;Fernandes;M;1961-09-29;58;Tupandi;RS
 907;Maiara;Moura;F;1968-07-18;51;Sao Paulo;SP
 908;Lucas;Fernandes;M;1964-07-28;55;Sao Paulo;SP
 909;Mirela;Nascimento;F;2005-05-19;15;Sao Paulo;SP
 910;Emily;Barbosa;F;1952-04-12;68;Canoas;RS
 911;Hugo;Gomes;M;1956-12-21;63;Santana de Parnaiba;SP
 912;Isaque;Cavalcanti;M;1948-06-09;71;Ponte Nova;MG
 913;Paulo;Fernandes;M;1981-08-20;38;Ipatinga;MG
 914;Artur;Cardoso;M;1966-02-18;54;Sao Paulo;SP
 915;Sophia;Gomes;F;2005-05-19;15;Sao Paulo;SP
 916;Maicon;Mendes;M;1979-12-27;40;Agudos;SP
 917;Sabrina;Araújo;F;2005-05-19;15;Mococa;SP
 918;Tainara;Cardoso;F;1953-06-16;66;Armacao dos Buzios;RJ
 919;Francisca;Fernandes;F;1959-04-08;61;Sao Paulo;SP
 920;Rodrigo;Pinto;M;1986-10-16;33;Sao Paulo;SP
 921;Maicon;Barros;M;1964-02-02;56;Rio de Janeiro;RJ
 922;Karen;Rocha;F;2003-06-22;16;Gravatai;RS
 923;Iara;Nascimento;F;1979-05-02;41;Belo Horizonte;MG
 924;Rafaela;Gomes;F;1956-04-01;64;Sao Paulo;SP
 925;Raiane;Araújo;M;1985-03-29;35;Santa Maria;RS
 926;Adriano;Moura;M;1981-05-17;39;Rio de Janeiro;RJ
 927;Marco;Gomes;M;1983-03-26;37;Sao Paulo;SP
 928;Luiza;Martins;F;1968-01-25;52;Maua;SP
 929;Micael;Castro;M;1999-12-25;20;Sao Jose dos Campos;SP
 930;Iara;Rodrigues;F;1997-10-14;22;Belo Horizonte;MG
 931;Rafael;Almeida;M;2005-05-19;15;Rio de Janeiro;RJ
 932;Tamires;Souza;F;1972-11-06;47;Mogi Mirim;SP
 933;Marina;Rocha;F;1991-04-04;29;Oliveira;MG
 934;Luciana;Gomes;F;1985-01-24;35;Natal;RN
 935;Raiane;Alves;M;2005-05-19;15;Petropolis;RJ
 936;Laura;Souza;F;1964-08-13;55;Goiania;GO
 937;Fabiana;Monteiro;F;2005-05-19;15;Santa Luzia;MG
 938;Gabriele;Freitas;F;1972-06-07;47;Itapeva;SP
 939;Emanuel;Lima;M;1951-07-27;68;Diadema;SP
 940;Natan;Fernandes;M;2005-05-19;15;Cariacica;ES
 941;Leandro;Pinto;M;1999-02-25;21;Cascavel;PR
 942;Everton;Araújo;M;1973-12-12;46;Santos;SP
 943;Jenifer;Oliveira;F;2004-05-29;15;Vicosa;MG
 944;Marcos;Silva;M;1946-06-04;73;Sao Goncalo;RJ
 945;Ruan;Fernandes;M;2005-05-19;15;Mairipora;SP
 946;Paloma;Fernandes;F;1955-09-15;64;Belo Horizonte;MG
 947;Samira;Costa;F;1989-02-06;31;Rio de Janeiro;RJ
 948;Sabrina;Cavalcanti;F;1965-12-08;54;Chorrocho;BA
 949;Fernando;Martins;M;1972-08-29;47;Sousa;PB
 950;Larissa;Monteiro;F;1964-11-21;55;Potengi;CE
 951;Fabiana;Fernandes;F;2005-05-19;15;Resende;RJ
 952;Richard;Fernandes;M;2002-08-06;17;Araras;SP
 953;Viviane;Araújo;F;1995-11-08;24;Buenopolis;MG
 954;Davi;Nascimento;M;1961-12-23;58;Sao Paulo;SP
 955;Mariana;Cavalcanti;F;1990-02-21;30;Sao Paulo;SP
 956;Sofia;Rodrigues;F;1941-12-24;78;Rio de Janeiro;RJ
 957;Thais;Castro;F;1980-06-13;39;Nova Serrana;MG
 958;Sophia;Castro;F;1991-05-12;29;Vila Velha;ES
 959;Pedro;Martins;M;1942-09-04;77;Jacarei;SP
 960;Franciele;Freitas;F;1980-06-29;39;Guarulhos;SP
 961;Mateus;Barros;M;1977-11-29;42;Vitoria da Conquista;BA
 962;Filipe;Campos;M;1976-06-28;43;Santo Andre;SP
 963;Marco;Oliveira;M;2005-05-19;15;Sao Paulo;SP
 964;Murilo;Costa;M;1988-02-07;32;Rio de Janeiro;RJ
 965;Alex;Pereira;M;1982-02-18;38;Holambra;SP
 966;Vanessa;Pereira;F;1994-07-07;25;Campinas;SP
 967;Vanessa;Lima;F;1970-02-08;50;Sao Paulo;SP
 968;Alessandra;Dias;F;1982-10-23;37;Novo Horizonte;SP
 969;Breno;Costa;M;1997-06-08;22;Mogi das Cruzes;SP
 970;Luciana;Carvalho;F;1969-03-24;51;Rio de Janeiro;RJ
 971;Naiara;Araújo;F;2005-05-19;15;Sao Paulo;SP
 972;Davi;Mendes;M;1998-03-16;22;Rio de Janeiro;RJ
 973;Augusto;Alves;M;1986-10-14;33;Sao Jose dos Campos;SP
 974;Anderson;Martins;M;1978-11-23;41;Brasilia;DF
 975;Leandro;Gomes;M;1991-09-04;28;Cruzilia;MG
 976;Lara;Ribeiro;F;2005-05-19;15;Santos;SP
 977;Geovana;Pinto;F;1982-09-23;37;Rio de Janeiro;RJ
 978;Giovana;Fernandes;F;1956-03-22;64;Piritiba;BA
 979;Eduarda;Nascimento;F;2005-05-19;15;Rio de Janeiro;RJ
 980;Ruan;Rocha;M;1966-12-23;53;Olinda;PE
 981;Beatriz;Costa;F;1959-04-20;61;Sao Luis;MA
 982;Kaique;Campos;M;1976-03-15;44;Vila Velha;ES
 983;Paola;Moura;F;1980-10-12;39;Linhares;ES
 984;Sabrina;Pinto;F;1952-05-07;68;Rio de Janeiro;RJ
 985;Raquel;Martins;F;1979-06-08;40;Jacarei;SP
 986;Artur;Nascimento;M;2005-05-19;15;Brasilia;DF
 987;Matheus;Rodrigues;M;1965-08-08;54;Balsas;MA
 988;Maiara;Nascimento;F;1955-06-02;64;Sao Paulo;SP
 989;Robson;Alves;M;1963-05-21;57;Nova Bandeirantes;MT
 990;Carolina;Rodrigues;F;1970-05-14;50;Pocos de Caldas;MG
 991;Giovanna;Fernandes;F;1971-02-24;49;Sao Paulo;SP
 992;Juan;Freitas;M;1972-12-01;47;Maringa;PR
 993;Daniel;Santos;M;1969-04-23;51;Uba;MG
 994;Filipe;Nascimento;M;1953-09-11;66;Nova Lima;MG
 995;Iago;Alves;M;2004-02-05;16;Uberlandia;MG
 996;Emanuel;Alves;M;1980-07-05;39;Sao Paulo;SP
 997;Kauan;Barros;M;1971-06-22;48;Brasilia;DF
 998;Iago;Mendes;M;1963-04-14;57;Sao Sebastiao;SP
 999;Murilo;Costa;M;2005-05-19;15;Fortaleza;CE
1000;Adrian;Costa;M;1993-03-28;27;Lindoia;SP
