id_produto;Titulo;Assunto;Autor;Valor;Isbn
  1;50 Tons da Vida;Crônicas;Roberto Livianu;R$ 39,90;97-885-7480-817-8
  2;530 Gramas de Ilustrações;Arte, Ilustração e pintura, Humor;Marcelo Cipis;R$ 63,00;85-7480-002-3
  3;A.S.A. - Associação dos Solitários Anônimos;Romance;Rosario Fusco;R$ 58,00;85-7480-132-1
  4;Adeus Penderama e Outros Escritos;Memória;José Paulo Cavalcanti Filho;R$ 42,00;978-85-7480-377-7
  5;Adorável Criatura Frankenstein;Romance;Ademir Assunção;R$ 42,00;85-7480-215-8
  6;Afinador de Passarinhos, O;Contos;Gil Perini;R$ 38,00;978-85-7480-550-4
  7;Albert Camus - Um Elogio do Ensaio;Crítica literária;Manuel da Costa Pinto;R$ 42,00;85-85851-70-8
  8;Alguma Crítica;Crítica literária;João Alexandre Barbosa;R$ 55,00;85-7480-068-6
  9;Alongamento;Poesia;Sérgio Medeiros;R$ 51,00;85-7480-264-6
 10;Altar & o Trono, O - Dinâmica do Poder em O Alienista;Crítica literária;Ivan Teixeira;R$ 106,00;978-85-7480-511-5
 11;Amers / Marcas Marinhas;Poesia, Bilíngue;Saint-John Perse, Mauro Gama;R$ 86,00;85-7480-193-3
 12;Andaimes;Poesia;Milton Torres;R$ 58,00;978-85-7480-316-6
 13;Angola e Moçambique - Experiência Colonial e Territórios Literários;Crítica literária;Rita Chaves;R$ 45,00;85-7480-251-4
 14;Angu de Sangue - 3a. ed.;Contos, Ilustrado;Marcelino Freire;R$ 52,00;978-85-7480-835-2
 15;Anima Mundi;Poesia;Ricardo Pires de Souza;R$ 79,00;85-7480-263-8
 16;Animal de Silêncios;Poesia, Bilíngue;Jaime Labastida;R$ 39,00;85-7480-123-2
 17;Anos de Exílio do Jovem Mallarmé, Os;Crítica literária;Joaquim Brasil Fontes;R$ 42,00;978-85-7480-366-1
 18;Antologia Poética;Poesia;Jorge Wanderley;R$ 58,00;85-7480-067-8
 19;Antologia Poética - 1987-2017;Poesia;Marcelo Sandmann;R$ 39,90;978-85-7480-781-2
 20;Apoteose de Schoenberg;Música, Crítica musical;Flo Menezes;R$ 83,00;85-7480-109-7
 21;Arquivos Literários;Crítica literária;Eneida Maria de Souza, Wander Melo Miranda;R$ 46,00;85-7480-155-0
 22;Arte da Automutilação, A;Poesia;Felipe Lion;R$ 47,00;978-85-7480-642-6
 23;Artigas e Cascaldi - Arquitetura em Londrina;Arquitetura, Ilustrado;Juliana Suzuki;R$ 71,00;85-7480-156-9
 24;Ateneu, O;Romance, Ilustrado;Emília Amaral, Raul Pompeia;R$ 38,00;978-85-7480-756-0
 25;Bailadora Andaluza, A - A Explosão do Sagrado na Poesia de João Cabral;Crítica literária;Waldecy Tenório;R$ 43,00;85-85851-20-1
 26;BaléRalé;Contos;Marcelino Freire;R$ 48,00;85-7480-174-7
 27;Baldio - poemas (2009-2017);Poesia;Rodrigo Madeira;R$ 44,90;978-85-7480-791-1
 28;Balão Cativo;Memória;Pedro Nava;R$ 72,00;85-7480-006-6
 29;Beauty & Fashion;Arte, Ilustração e pintura, Humor;Mário Cafiero;R$ 76,00;85-7480-161-5
 30;Beira-Mar;Memória;Pedro Nava;R$ 78,00;85-7480-147-X
 31;Biblioteca Imaginária, A;Crítica literária;João Alexandre Barbosa;R$ 44,00;85-85851-13-9
 32;Bilhete Seco;Contos;Elisa Nazarian;R$ 48,00;978-85-7480-563-4
 33;Bom Crioulo;Romance, Ilustrado;Salete de Almeida Cara, Adolfo Caminha;R$ 38,00;978-85-7480-684-6
 34;Bovarismo e Romance - Madame Bovary e Lady Oracle;Crítica literária;Andrea Saad Hossne;R$ 53,00;85-7480-032-5
 35;Cabo Verde - Literatura em Chão de Cultura;Crítica literária;Simone Caputo Gomes;R$ 62,00;978-85-7480-415-6
 36;Cadenciando-um-Ning - Um Samba, para o Outro;Poesia, Bilíngue;Michael Palmer, Régis Bonvicino;R$ 35,00;85-7480-055-4
 37;Caderno de Literatura e Cultura Russa - Dostoiévski;Crítica literária;Depto. Letras Orientais USP;R$ 97,00;1806-2911
 38;Caligramas;Poesia, Bilíngue;Guillaume Apollinaire;R$ 66,00;978-85-7480-405-7
 39;Cama de Campanha;Poesia;Flávio Carvalho Ferraz;R$ 42,00;85-7480-328-6
 40;Caminho do Encontro, A - Uma Leitura de Contos Novos;Crítica literária;Ivone Daré Rabello;R$ 53,00;85-85851-84-8
 41;Caminhos do Romance em Portugal - Camilo, Eça e o Folhetim Francês;Crítica literária;Andréa Trench de Castro;R$ 52,00;978-85-7480-696-9
 42;Cantigas do Falso Alfonso el Sabio;Poesia;Affonso Ávila;R$ 45,00;85-7480-331-6
 43;Carne, A;Romance, Ilustrado;Júlio Ribeiro;R$ 37,00;978-85-7480-706-5
 44;Cartas a William Agel de Mello;Memória;João Guimarães Rosa, William Agel de Mello;R$ 39,60;85-7480-153-4
 45;Cartas aos Amigos Caio Porfírio Carneiro e Fábio Lucas;Memória;João Antônio;R$ 32,00;85-7480-249-2
 46;Cartas de Fidelino de Figueiredo e de Segismundo Spina;Memória;Nuno Fidelino de Figueiredo;R$ 33,00;978-85-7480-464-4
 47;Cartilha - Martelo-Gabinete e Ferrografia;Poesia, Ilustrado;Virgílio Maia;R$ 33,00;85-7480-130-5
 48;Casa de Pensão;Romance, Ilustrado;Marcelo Bulhões, Aluísio de Azevedo;R$ 43,00;978-85-7480-461-3
 49;Catecismo da Preservação de Monumentos;Arquitetura, Restauração;Max Dvorák;R$ 41,00;978-85-7480-662-4
 50;Céus Derretidos;Romance;Teixeira Coelho, Jean-Claude Bernardet;R$ 41,00;85-85851-12-0
 51;Cem Menores Contos Brasileiros do Século, Os;Contos;Marcelino Freire;R$ 35,00;97885-7480-686-0
 52;Cena Macaca;Arte, Ilustração e pintura, Humor;Zé Pedro;R$ 65,00;978-85-7480-350-0
 53;Cena Muda, A;Romance;Miguel Angel Fernandez;R$ 46,00;85-7480-017-1
 54;Cenas da Infância - Kartolas, Kalungas e Katiras;Poesia;Jonas Rosa;R$ 39,00;978-85-7480-762-1
 55;Cera das Almas;Memória;Pedro Nava;R$ 39,00;85-7480-247-6
 56;Choro de Homem;Contos, Ilustrado;Marcos Rodrigues;R$ 39,00;85-7480-058-9
 57;Ciclo das Chamas;Poesia;Antônio Lázaro de Almeida Prado;R$ 39,00;85-7480-292-1
 58;Cidade de Atys;Romance;Marcelo Novaes;R$ 29,00;85-85851-60-0
 59;Cidade e as Serras, A;Romance, Ilustrado;Paulo Franchetti, Leila Guenther, Eça de Queirós;R$ 38,00;978-85-7480-380-7
 60;Clarice Lispector - Uma Poética do Olhar;Crítica literária;Regina Pontieri;R$ 49,00;85-85851-85-6
 61;Clepsidra;Poesia, Ilustrado;Paulo Franchetti, Camilo Pessanha;R$ 33,00;978-85-7480-462-0
 62;Clusters;Poesia;Pedro Marques;R$ 33,00;978-85-7480-522-1
 63;Coisas do Diabo Contra;Ilustrado, Romance;Eromar Bomfim;R$ 44,00;978-85-7480-645-7
 64;Comentário Literal sobre os Três Primeiros Capítulos do Gênesis;Romance;Giovanni Jacopo Casanova;R$ 32,00;85-7480-102-X
 65;Comunicados Lacônicos;Poesia;Antonio Lizárraga;R$ 42,00;978-85-7480-402-6
 66;Concerto Amazônico;Romance;Álvaro Cardoso Gomes;R$ 48,00;978-85-7480-348-7
 67;Conversações Noturnas & Outros Poemas, As;Poesia;José Laurenio de Melo;R$ 40,00;978-85-7480-363-0
 68;Coreografia do Desejo, A - Cem Anos de Ficção Brasileira;Crítica literária;Maria Angélica G. Lopes;R$ 45,00;85-7480-033-3
 69;Corredores para Abutres;Arte, Ilustração e pintura;Regina Silveira;R$ 31,00;85-7480-175-5
 70;Corrupção (18 Contos);Contos;Rodrigo Penteado;R$ 44,00;85-7480-141-0
 71;Cortiço, O;Romance, Ilustrado;Paulo Franchetti, Leila Guenther, Aluísio de Azevedo;R$ 38,00;978-85-7480-579-5
 72;Crítica e Criação - Um Estudo da Kreisleriana Op. 16 de Robert Schumann;Música, Crítica musical;Mónica Vermes;R$ 53,00;978-85-7480-354-8
 73;Criação e Conflito;Crítica literária;Celeste Ribeiro de Sousa;R$ 48,00;978-85-7480-499-6
 74;Crônicas da Vida Boêmia;Crônicas;Aluízio Falcão;R$ 48,00;85-85851-66-X
 75;Dança de Shiva, A;Poesia;Ricardo Pires de Souza;R$ 27,00;978-85-7480-503-0
 76;Dante - O Poeta do Absoluto;Biografia;Hilário Franco Jr.;R$ 28,00;85-7480-009-0
 77;De Olho na Morte e Antes;Poesia;Fernando Fortes;R$ 88,00;978-85-7480-594-8
 78;De Orfeu e de Perséfone - Morte e Literatura;Crítica literária;Lélia Parreira Duarte;R$ 55,00;978-85-7480-396-8
 79;De Voos e Ilhas - Literatura e Comunitarismos;Crítica literária;Benjamin Abdala Jr.;R$ 56,00;85-7480-168-2
 80;Debaixo do Sol;Poesia;Eunice Arruda;R$ 40,00;978-85-7480-524-5
 81;Descoberta do Frio, A;Romance;Oswaldo de Camargo;R$ 38,00;978-85-7480-708-9
 82;Desconhecer;Poesia, Ilustrado;Ricardo Lima;R$ 44,00;978-85-7480-724-9
 83;Deste Lugar;Poesia;Paulo Franchetti;R$ 39,00;978-85-7480-595-5
 84;Deuses Chutam Lata na Consolação, Os;Romance;Gilson Rampazzo;R$ 38,00;85-85851-21-X
 85;Devagar;Poesia;Diva Gomes;R$ 29,50;85-7480-318-9
 86;Diana Caçadora & Tango Fantasma;Contos;Márcia Denser;R$ 45,00;85-7480-209-3
 87;Dias Melhores... Pra Sempre!;Poesia, Ilustrado;Cyro Leão, Luiz Chinan, Jadyr Pavão Jr.;R$ 33,00;85-7480-314-6
 88;Diálogos Literários - Literatura, Comparativismo e Ensino;Crítica literária;Agnaldo Rodrigues da Silva;R$ 54,00;978-85-7480-416-3
 89;"Diderot - O Espírito das ""Luzes""";Biografia;Jacó Guinsburg;R$ 28,00;85-7480-030-9
 90;Distopia;Romance;Hélio Franchini Neto;R$ 38,00;978-85-7480-506-1
 91;Dom Casmurro;Romance, Ilustrado;Leila Guenther, Paulo Franchetti, Machado de Assis;R$ 41,00;978-85-7480-399-9
 92;Drummond - Da Rosa do Povo à Rosa das Trevas;Crítica literária;Vagner Camilo;R$ 75,00;85-7480-050-3
 93;Duplo Canto e Outros Poemas;Poesia, Bilíngue, Tradução;François Cheng;R$ 92,00;978-85-7480-547-4
 94;Edifícios Comerciais - Felipe Bezerra;Arquitetura, Ilustrado;Fernando Serapião;R$ 25,00;85-7480-272-7
 95;Edifícios Escolares - Miguel Juliano;Arquitetura, Ilustrado;Cristiane Corrêa;R$ 23,00;85-7480-145-3
 96;Educação Sentimental em Proust;Crítica literária;Philippe Willemart;R$ 48,00;85-7480-128-3
 97;Égloga da Maçã;Poesia, Ilustrado;Affonso Ávila;R$ 48,00;978-85-7480-577-1
 98;Eis o Mundo de Fora;Romance;Adrienne Myrtes;R$ 39,00;978-85-7480-565-8
 99;Em Louvor de Anti-Heróis;Crítica literária;Victor Brombert;R$ 56,00;85-7480-062-7
100;Encontros e Des-encontros;Crônicas;Maria Teresa Hellmeister Fornaciari;R$ 27,00;85-7480-291-3
101;Encrenca;Romance;Manoel Carlos Karam;R$ 34,00;85-7480-135-6
102;Ensaiando a Canção - Paulinho da Viola e Outros Escritos;Música, Crítica musical;Eliete Eça Negreiros;R$ 40,00;978-85-7480-537-5
103;Entreato Amoroso;Romance;Aercio Consolin;R$ 49,50;978-85-7480-378-4
104;Entrelivros;Crítica literária;João Alexandre Barbosa;R$ 42,00;85-85851-71-6
105;Escrita de Deus, A;Contos;Wilson Roberto Theodoro Filho;R$ 40,00;85-7480-282-4
106;Escritas do Desejo - Crítica Literária e Psicanálise;Crítica literária, Psicanálise e Psicologia;Cleusa Rios P. Passos, Yudith Rosenbaum;R$ 38,00;978-85-7480-570-2
107;Espuma do Fogo, A;Poesia;Carlos Nejar;R$ 30,00;85-7480-097-X
108;Espumas Flutuantes;Poesia, Ilustrado;José de Paula Ramos Jr., Castro Alves;R$ 37,00;85-85851-36-8
109;Estados da Crítica;Crítica literária;Alcides Cardoso dos Santos;R$ 44,00;85-7480-322-7
110;Estudos Comparados - Teoria, Crítica e Metodologia;Crítica literária;Benjamin Abdala Jr.;R$ 68,00;978-85-7480-677-8
111;Estudos de Literatura Brasileira e Portuguesa;Crítica literária;Paulo Franchetti;R$ 63,00;978-85-7480-353-1
112;Estudos sobre Vieira;Crítica literária;João Adolfo Hansen, Hélder Garmes, Adma Muhana;R$ 43,00;978-85-7480-544-3
113;Exílio - As Histórias da Grande Peste;Contos;Samuel Reibscheid;R$ 43,00;978-85-7480-364-7
114;Extravio Marinho;Poesia;Simone Homem de Mello;R$ 47,00;978-85-7480-500-9
115;Feito Eu;Poesia;Elisa Nazarian;R$ 35,00;978-85-7480-342-5
116;Filho do Crucificado, O;Contos;Nelson de Oliveira;R$ 42,00;85-7480-077-5
117;Filosofando com o Miró;Memória;Eduardo Etzel;R$ 45,00;85-7480-004-X
118;Fluxo Silencioso das Máquinas, O;Contos;Bruno Zeni;R$ 38,00;85-7480-087-2
119;Fogos de Artifício: Flaubert e a Escritura;Crítica literária;Verónica Galíndez-Jorge;R$ 42,00;978-85-7480-454-5
120;Fúria Azul - Antielegias;Poesia;Carlos Nejar;R$ 48,00;978-85-7480-593-1
121;Fragmentos do Narciso e Outros Poemas;Poesia, Bilíngue, Tradução;Paul Valéry, Júlio Castañon Guimarães;R$ 53,00;978-85-7480-657-0
122;Fragmentos do Sol Chuvoso;Poesia;Lauro Henriques Jr.;R$ 43,00;978-85-7480-501-6
123;Franklin Távora e o seu Tempo;Biografia;Cláudio Aguiar;R$ 40,00;85-85851-47-3
124;Freud - A Conquista do Proibido;Biografia;Renato Mezan;R$ 30,00;85-7480-010-4
125;Gérard de Nerval: A Escrita em Trânsito;Crítica literária;Marta Kawano;R$ 45,00;978-85-7480-456-9
126;Gérard de Nerval: Cinquenta Poemas;Poesia, Bilíngue, Tradução;Mauro Gama, Gérard de Nerval;R$ 60,00;978-85-7480-659-4
127;Girassol Voltado para a Terra;Contos, Ilustrado;Renato Tardivo;R$ 44,00;978-85-7480-723-2
128;Goethe e Hackert - Sobre a Pintura de Paisagem;Arte, Ilustração e pintura;Claudia Valladão de Mattos;R$ 35,00;978-85-7480-262-6
129;Guarani, O;Romance, Ilustrado;Eduardo Vieira Martins, José de Alencar;R$ 44,00;978-85-7480-668-6
130;Guimarães Rosa - Fronteiras, Margens, Passagens;Crítica literária;Marli Fantini Scarpelli;R$ 65,00;85-7480-210-7
131;Gustavo Giovannoni - Textos Escolhidos;Arquitetura, Restauração;Beatriz Mugayar Kühl;R$ 45,00;978-85-7480-601-3
132;Histórias de Banheiro;Contos;Dirce de Assis Cavalcanti;R$ 43,00;978-85-7480-474-3
133;Hong Kong & Outros Poemas;Poesia;Antônio Moura;R$ 26,00;85-85851-92-9
134;Ícaro;Poesia, Ilustrado;Gabriel Pedrosa;R$ 26,00;978-85-7480-334-0
135;Idade da Aurora, A;Poesia;Carlos Nejar;R$ 75,00;85-7480-150-X
136;Idade da Noite, A;Poesia;Carlos Nejar;R$ 79,00;85-7480-120-8
137;Ilhas Brasil;Poesia;Carlos Vogt;R$ 43,00;85-7480-124-0
138;Ilustre Casa de Ramires, A;Romance, Ilustrado;Marise Hansen, Eça de Queirós;R$ 43,50;978-85-7480-685-3
139;Inocência;Ilustrado, Romance;José de Paula Ramos Jr., Visconde de Taunay, Jefferson Cano;R$ 38,00;978-85-7480-832-1
140;Interior Via Satélite;Poesia, Ilustrado;Marcos Siscar;R$ 52,00;978-85-7480-470-5
141;Interpretações: Crítica Literária e Psicanálise;Crítica literária, Psicanálise e Psicologia;Cleusa Rios P. Passos, Yudith Rosenbaum;R$ 48,00;978-85-7480-670-9
142;Intransitivos, Os;Contos;Cacá Moreira de Souza;R$ 53,00;85-7480-146-1
143;Inula Niúla;Poesia;Michel Sleiman;R$ 43,00;978-85-7480-444-6
144;Iracema - Lenda do Ceará;Romance, Ilustrado;Leila Guenther, Paulo Franchetti, José de Alencar;R$ 38,00;85-7480-324-3
145;Jogo de Palavras;Poesia;Jacó Guinsburg;R$ 58,00;978-85-7480-783-6
146;Jogo de Ronda;Contos;Orlando Arruda;R$ 43,00;85-7480-026-0
147;Jornada e a Clausura, A;Crítica literária;Raquel de Almeida Prado;R$ 52,00;85-7480-110-0
148;Joyce Era Louco?;Crítica literária, Psicanálise e Psicologia;Donaldo Schüler;R$ 50,00;978-85-7480-764-5
149;João Guimarães Rosa e a Saudade;Crítica literária;Susana Lages;R$ 42,00;85-7480-129-1
150;Konstantinos Kaváfis - 60 Poemas;Poesia, Bilíngue, Tradução;Trajano Vieira, Konstantinos Kaváfis;R$ 39,00;978-85-7480-780-5
151;L'azur Blasé ou Ensaio do Fracasso sobre o Humor;Poesia;Guilherme Gontijo Flores;R$ 44,90;978-85-7480-738-6
152;Lacraus;Contos;Miguel Jorge;R$ 51,00;85-7480-204-2
153;Laetitia, sp;Poesia, Ilustrado;Gabriel Pedrosa;R$ 36,00;978-85-7480-545-0
154;Lei n. 12.343 de 2 de Dezembro de 2010;Política, Economia, Cultura;-;R$ 38,00;978-85-7480-652-5
155;Leitor Segundo G.H., O - Uma Análise do Romance A Paixão Segundo G.H. de Clarice Lispector;Crítica literária;Emília Amaral;R$ 48,00;85-7480-257-3
156;Leituras Desarquivadas;Crítica literária;João Alexandre Barbosa;R$ 56,00;978-85-7480-371-5
157;Lembranças de Esquecer;Poesia;Camilo Guimarães;R$ 29,80;85-85851-42-2
158;Lições de Taxidermia;Poesia;Fernando Antônio Dusi Rocha;R$ 45,00;978-85-7480-445-3
159;Lições do Acaso;Poesia;Luis Carlos de Menezes;R$ 45,00;978-85-7480-468-2
160;Lira dos Vinte Anos;Poesia, Ilustrado;Álvares de Azevedo, José Emílio Major Neto;R$ 43,00;978-85-7480-675-4
161;Literatura Portuguesa, A: Visões e Revisões;Crítica literária;Annie Gisele Fernandes, Francisco Maciel Silveira;R$ 38,00;978-85-7480-409-5
162;Lodo;Poesia;Luis Dolhnikoff;R$ 62,00;978-85-7480-436-1
163;Lâmina do Tempo;Contos;Moacyr Godoy Moreira;R$ 37,50;85-7480-113-5
164;Lâmpada da Memória, A;Arquitetura, Restauração;John Ruskin;R$ 38,00;978-85-7480-633-4
165;Luci Collin - Antologia Poética (1984-2018);Poesia;Luci Collin;R$ 39,90;978-85-7480-796-6
166;Lusíadas, Os - Episódios;Poesia, Ilustrado;Luís de Camões, Ivan Teixeira;R$ 39,00;978-85-7480-802-4
167;Machado e Rosa - Leituras Críticas;Crítica literária;Marli Fantini Scarpelli;R$ 85,00;978-85-7480-508-5
168;Maias, Os;Romance;Eça de Queirós;R$ 83,00;85-7480-044-9
169;Malhas da Cultura 1, As;Política, Economia, Cultura;José Guilherme Pereira Leite;R$ 43,00;978-85-7480-650-1
170;Malhas da Cultura 2, As;Política, Economia, Cultura;José Guilherme Pereira Leite;R$ 45,00;978-85-7480-651-8
171;Mariannita Luzzati;Arte, Ilustração e pintura;Gabriel Pérez Barreiro;R$ 41,00;978-85-7480-447-7
172;Matinas & Bagatelas;Poesia;Maria do Carmo Campos;R$ 49,00;85-7480-144-5
173;Máquina do Mundo Repensada, A;Poesia, Ilustrado;Haroldo de Campos;R$ 83,00;85-7480-016-3
174;Máquina Peluda, A;Contos;Ademir Assunção;R$ 42,00;85-85851-34-1
175;Meio Mundo;Poesia, Ilustrado;Álvaro Faleiros;R$ 28,00;978-85-7480-376-0
176;Melancolias, Mercadorias: Dorival Caymmi, Chico Buarque, o Pregão de Rua e a Canção Popular-Comercial no Brasil;Música, Crítica musical;Walter Garcia;R$ 56,00;978-85-7480-502-3
177;Memória Futura;Poesia;Paulo Franchetti;R$ 35,00;978-85-7480-519-1
178;Memórias de um Sargento de Milícias;Romance, Ilustrado;Mamede Mustafa Jarouche, Manuel Antônio de Almeida;R$ 42,00;978-85-7480-728-7
179;Memórias Póstumas de Brás Cubas;Romance, Ilustrado;Antonio Medina Rodrigues, Machado de Assis;R$ 39,00;978-85-7480-598-6
180;Memorial de Mogi das Cruzes;Crônicas;José Sebastião Witter;R$ 48,00;85-7480-101-1
181;Memorial de um Herege;Romance;Samuel Reibscheid;R$ 45,00;85-7480-018-X
182;Mensagem;Poesia, Ilustrado;António Apolinário Lourenço, Fernando Pessoa;R$ 41,00;978-85-7480-702-7
183;Mercadorias e Futuro;Contos;José Paes de Lira (Lirovsky);R$ 28,50;978-85-7480-395-1
184;Michelângelo - Cinquenta Poemas;Poesia, Bilíngue;Mauro Gama, Michelângelo;R$ 54,00;978-85-7480-271-8
185;Milton Hatoum - Itinerário para um Certo Relato;Crítica literária;Marleine Paula Marcondes e Ferreira de Toledo;R$ 42,00;85-7480-315-4
186;Mistérios do Dicionário;Crítica literária;João Alexandre Barbosa;R$ 58,00;85-7480-252-2
187;Mito e Poética na Literatura Contemporânea - Um Estudo sobre José Saramago;Crítica literária;Vera Bastazin;R$ 35,00;85-7480-321-9
188;Moeda da Arte, A - A Dinâmica dos Campos Artístico e Econômico no Patrocínio;Política, Economia, Cultura;Eduardo Fragoaz;R$ 69,50;978-85-7480-653-2
189;Mulheres de Passagem;Contos;M. A. Amaral Rezende;R$ 41,00;978-85-7480-733-1
190;Na Conquista do Brasil;Crítica literária;Donaldo Schüler;R$ 52,00;85-7480-053-8
191;Na Pureza do Sacrilégio;Poesia;Carlos Cardoso;R$ 58,00;978-85-7480-776-8
192;Nações Literárias;Crítica literária;Wander Melo Miranda;R$ 52,00;978-85-7480-504-7
193;Narciso em Sacrifício - A Poética de Mário de Sá-Carneiro;Crítica literária;Fernando Paixão;R$ 48,00;85-7480-191-7
194;Nas Águas do Mesmo Rio;Romance;Giselda Leirner;R$ 38,00;85-7480-311-1
195;Nas Tramas da Ficção - História, Literatura e Leitura;Crítica literária;Clóvis Gruner, Cláudio DeNipoti;R$ 52,00;978-85-7480-408-8
196;Nebulosa, A;Poesia, Ilustrado;Joaquim Manuel de Macedo;R$ 39,80;978-85-7480-782-9
197;Neguinho;Romance, Ilustrado;Guga Stroeter;R$ 48,00;978-85-7480-433-0
198;No Fim das Terras;Poesia;Milton Torres;R$ 76,00;85-7480-260-3
199;Noel Rosa - O Humor na Canção;Música, Crítica musical;Mayra Pinto;R$ 39,00;978-85-7480-580-1
200;Novas Tecnologias - EGC Arquitetura;Arquitetura, Ilustrado;Renato Schroeder;R$ 25,00;85-7480-220-4
201;Novelas, Espelhos e um Pouco de Choro;Contos;Thelma Guedes;R$ 52,00;85-7480-052-X
202;Novos Poemas;Poesia;Carlos Vogt;R$ 66,00;978-85-7480-747-8
203;O Hóspede;Contos;Mario Higa;R$ 38,00;978-85-7480-798-0
204;O Língua;Romance;Eromar Bomfim;R$ 40,00;978-85-7480-818-5
205;O Que Aconteceu, Aconteceu;Contos;Jacó Guinsburg;R$ 45,00;85-7480-023-6
206;O Um;Poesia;Bruno Verner;R$ 48,00;85-85851-41-4
207;Olhares Plausíveis;Contos;Gregório Bacic;R$ 32,00;978-85-7480-435-4
208;Olho Imóvel Pela Força da Harmonia, O;Poesia, Bilíngue, Tradução;William Wordsworth;R$ 49,50;978-85-7480-270-1
209;Olho Vesgo, O;Contos;Tiago Mussi;R$ 28,00;85-7480-080-5
210;Outra Língua;Poesia;Henryk Siewierski;R$ 36,00;978-85-7480-374-6
211;Outro Lado do Vento, O;Poesia;Wassily Chuck;R$ 46,00;978-85-7480-528-3
212;País em Branco;Poesia;Ricardo Rizzo;R$ 36,00;978-85-7480-375-3
213;Pai de Max Bauer e Outros Contos, O;Contos, Ilustrado;Marcos Rodrigues;R$ 42,00;978-85-7480-568-9
214;Palavra e Rosto;Poesia, Ilustrado;Fernando Paixão;R$ 58,00;978-85-7480-450-7
215;Palavra e Sombra - Ensaios de Crítica;Crítica literária;Arthur Nestrovski;R$ 38,00;978-85-7480-467-5
216;Périplos;Poesia;Simone Homem de Mello;R$ 52,00;85-7480-277-8
217;Parsona;Poesia;Adriano Scandolara;R$ 44,90;978-85-7480-757-7
218;Parte da Tarde, A;Poesia, Ilustrado;Fernando Paixão;R$ 56,00;85-7480-306-5
219;Pétala de Lamparina;Poesia;Ricardo Lima;R$ 30,00;978-85-7480-525-2
220;Pedro Nava e a Construção do Texto;Crítica literária;Edina Panichi, Miguel Luiz Contani;R$ 48,00;85-7480-202-6
221;Pequeno Livro do Cerrado, O;Contos;Gil Perini;R$ 34,00;85-7480-186-0
222;Pequeno Pomo ou a História da Música do Pós-Modernismo, O;Música, Crítica musical;Boudewijn Buckinx;R$ 38,00;85-85851-46-5
223;Percursos pela África e por Macau;Crítica literária;Benilde Justo Caniato;R$ 41,00;85-7480-276-X
224;Pincelagens & Debuxos / Debuxos & Pincelagens;Arte, Ilustração e pintura, Humor;Hélio Cabral;R$ 78,00;85-7480-266-2
225;Poema, O: Leitores e Leituras;Crítica literária;Andrea Saad Hossne, Ivone Daré Rabello, Viviana Bosi, Cláudia Arruda Campos;R$ 38,00;85-7480-028-7
226;Poemas Reunidos;Poesia;Mario Higa, Cesário Verde;R$ 40,00;978-85-7480-509-2
227;Poesias;Poesia;Segismundo Spina;R$ 38,00;978-85-7480-400-2
228;Política Cultural e Economia da Cultura;Política, Economia, Cultura;José Carlos Durand;R$ 45,00;978-85-7480-630-3
229;Pontuação Circense;Poesia;Ésio Macedo;R$ 32,00;85-7480-035-X
230;Porta-retratos;Poesia;Marise Hansen;R$ 50,00;978-85-7480-725-6
231;Portanto... Pepetela;Crítica literária;Rita Chaves, Tania Macêdo;R$ 54,00;978-85-7480-457-6
232;Portos Flutuantes - Trânsitos Ibero-afro-americanos;Crítica literária;Benjamin Abdala Jr., Marli Fantini Scarpelli;R$ 58,00;85-7480-245-X
233;Prenúncios e Vestígios;Crítica literária;Edward Lopes;R$ 75,00;978-85-7480-695-2
234;Primeiras Palavras;Poesia, Bilíngue;Douglas Messerli;R$ 28,00;85-85851-88-0
235;Primo Basílio, O;Romance, Ilustrado;Paulo Franchetti, Eça de Queirós;R$ 44,50;978-85-7480-669-3
236;Professor Riobaldo, O - Um Novo Místico da Poetagem;Crítica literária;Héctor Olea;R$ 48,00;85-7480-320-0
237;Proust, Poeta e Psicanalista;Crítica literária, Psicanálise e Psicologia;Philippe Willemart;R$ 52,00;85-7480-024-4
238;Psicolirismo da Terapia Cotidiana;Poesia;Rita Moutinho;R$ 51,00;978-85-7480-639-6
239;Quadragésimo;Poesia;Horácio Costa;R$ 48,00;85-85851-79-1
240;Quarto Livro dos Fatos e Ditos Heroicos do Bom Pantagruel, O;Romance, Ilustrado;François Rabelais;R$ 132,00;978-85-7480-709-6
241;Quase Fim de Serapião Filogônio, O;Romance;Jonas Rosa;R$ 36,00;978-85-7480-390-6
242;Quincas Borba;Ilustrado, Romance;Machado de Assis, Jean Pierre Chauvin;R$ 42,00;978-85-7480-742-3
243;Rabelais e Joyce - Três Leituras Menipeias;Crítica literária;Élide Valarini Oliver;R$ 42,00;978-85-7480-313-5
244;Réu Confesso - Poemas Reunidos (1968-2010);Poesia;Luiz Meyer;R$ 44,00;978-85-7480-521-4
245;Realidade & Ilusão em Machado de Assis;Crítica literária;José Aderaldo Castello;R$ 45,00;978-85-7480-410-1
246;Realidade Possível: Dilemas da Ficção em Henry James e Machado de Assis;Crítica literária;Marcelo Pen Parreira;R$ 51,00;978-85-7480-626-6
247;Refluxos;Contos;Edson Valente;R$ 28,00;978-85-7480-523-8
248;Relíquia, A;Romance, Ilustrado;Fernando Marcílio L. Couto, Eça de Queirós;R$ 41,00;978-85-7480-755-3
249;Remorso do Cosmos;Poesia;Régis Bonvicino;R$ 43,00;85-7480-197-6
250;República das Bicicletas;Crônicas;Moacyr Godoy Moreira;R$ 50,00;85-7480-199-2
251;Resíduos;Contos;David Oscar Vaz;R$ 35,00;85-85851-23-6
252;Resposta;Poesia;Elisa Nazarian;R$ 48,00;85-7480-279-4
253;Restauração;Arquitetura, Restauração;E. E. Viollet-le-Duc;R$ 35,00;978-85-7480-632-7
254;Restauradores, Os;Arquitetura, Restauração;Camillo Boito;R$ 34,00;85-7480-112-7
255;Resumo do Dia;Poesia;Heitor Ferraz;R$ 26,00;85-85851-11-2
256;Retorno de Bennu, O;Poesia;Majela Colares;R$ 43,00;978-85-7480-803-1
257;Rio na Parede, O;Contos;Gil Felippe;R$ 32,00;978-85-7480-586-3
258;Romance de Formação em Perspectiva Histórica - O Tambor de Lata de Günter Grass;Crítica literária;Marcus Vinicius Mazzari;R$ 46,00;85-85851-87-2
259;Rosto da Memória, O;Contos;Décio Pignatari;R$ 42,00;978-85-7480-690-7
260;Roteiro para um Narrador - Uma Leitura dos Contos de Rubem Fonseca;Crítica literária;Ariovaldo José Vidal;R$ 44,00;85-7480-020-1
261;Ruídos Urbanos;Contos, Ilustrado;Moacyr Godoy Moreira;R$ 38,00;978-85-7480-391-3
262;Rudimentos da Vida Coletiva;Romance;Alcir Pécora;R$ 34,00;85-7480-137-2
263;Rumo à Vertigem ou A Arte de Naufragar-se;Poesia, Ilustrado;Wassily Chuck;R$ 58,00;978-85-7480-717-1
264;Rupturas - Poemas em Busca de um Eixo;Poesia, Ilustrado;Ana Maria Amaral;R$ 33,00;978-85-7480-569-6
265;Sangue dos Dias Transparentes, O;Contos;Paulo Franchetti;R$ 36,00;85-7480-134-8
266;Sátira e o Engenho, A - Gregório de Matos e a Bahia do Século XVII;Crítica literária;João Adolfo Hansen;R$ 79,50;85-7480-136-4
267;Sementes Aladas;Poesia, Bilíngue, Tradução;Percy Bysshe Shelley;R$ 56,00;978-85-7480-471-2
268;Serafim Ponte Grande e as Dificuldades da Crítica Literária;Crítica literária;Pascoal Farinaccio;R$ 52,00;85-7480-036-8
269;Sertões, Os - Campanha de Canudos;Romance, Ilustrado;Leopoldo Bernucci, Euclides da Cunha;R$ 120,00;978-85-7480-785-0
270;Só (seguido de Despedidas);Poesia, Ilustrado;Annie Gisele Fernandes, Hélder Garmes, Antônio Nobre;R$ 42,00;978-85-7480-463-7
271;Silêncios de Água e Pedra;Poesia;Wassily Chuck;R$ 46,00;978-85-7480-388-3
272;Silêncios no Escuro;Contos;Maria Viana;R$ 38,00;978-85-7480-715-7
273;Sinais das Ideias;Poesia;Moacir Ferreira de Oliveira;R$ 45,00;85-7480-317-0
274;Soalho de Tábua;Contos, Ilustrado;Moacyr Godoy Moreira;R$ 35,00;978-85-7480-548-1
275;Sombras da Percepção;Poesia, Bilíngue;Geoffrey Lynn, Aurora Fornoni Bernardini;R$ 38,00;978-85-7480-520-7
276;Sombras e Distâncias;Poesia, Ilustrado;Egberto Penido;R$ 28,00;85-7480-063-5
277;Somente nos Cinemas;Contos;Jorge Ialanji Filholini;R$ 42,00;978-85-7480-836-9
278;Sondas;Poesia;José de Paula Ramos Jr.;R$ 42,00;85-85851-19-8
279;Sonetos de Camões;Poesia, Ilustrado;Carlos Cortez Minchillo, Izeti Fragata Torralvo, Luís de Camões;R$ 35,00;9788574807447
280;Sudário;Contos;Guiomar de Grammont;R$ 48,00;85-7480-330-8
281;São Paulo: Trânsitos;Arte, Ilustração e pintura;Vincenzo Scarpellini;R$ 26,00;85-7480-297-2
282;São Paulo: Vidas;Arte, Ilustração e pintura;Vincenzo Scarpellini;R$ 26,00;85-7480-298-0
283;Tempo Solto;Poesia;Amálio Pinheiro;R$ 42,00;978-85-7480-637-2
284;Teoria da Restauração;Arquitetura, Restauração;Cesare Brandi;R$ 62,00;978-85-7480-631-0
285;Til - Romance Brasileiro;Romance, Ilustrado;Ivan Teixeira, José de Alencar;R$ 41,00;978-85-7480-587-0
286;Timbre;Poesia;Virgílio Maia;R$ 35,00;85-7480-242-5
287;Together 1996;Poesia;Régis Bonvicino;R$ 28,00;85-85851-29-5
288;Transverso;Poesia;Marcos Pamplona;R$ 44,90;978-85-7480-741-6
289;Tripé;Contos;Rodrigo Lacerda;R$ 46,00;85-85851-77-5
290;Triste Fim de Policarpo Quaresma;Romance, Ilustrado;Gustavo Martins, Lima Barreto, Ivan Teixeira;R$ 38,00;978-85-7480-704-1
291;Tropicália: Alegoria Alegria;Música, Crítica musical;Celso Favaretto;R$ 53,00;85-85851-03-1
292;Um Amor Literário;Romance;Letícia Malard;R$ 38,00;85-7480-305-7
293;Um Canto;Poesia;Cacá Moreira de Souza;R$ 52,00;85-85851-33-3
294;Um Lance de Dados;Poesia, Bilíngue, Tradução;Álvaro Faleiros, Stéphane Mallarmé;R$ 52,00;978-85-7480-767-6
295;Uma Lua em Paris;Ilustrado, Romance;M. A. Amaral Rezende;R$ 38,00;85-85851-17-1
296;Urna, A;Contos;David Oscar Vaz;R$ 38,00;85-7480-019-8
297;Várias Histórias;Contos, Ilustrado;José de Paula Ramos Jr., Machado de Assis;R$ 38,00;978-85-7480-441-5
298;Velho é o Espelho;Poesia;Maria de Lourdes Ferreira Alves;R$ 46,00;978-85-7480-372-2
299;Velho Chico ou A Vida é Amável, O;Memória;Dirce de Assis Cavalcanti;R$ 48,00;85-85851-57-0
300;Viagem a um Deserto Interior;Poesia, Ilustrado;Leila Guenther;R$ 42,00;978-85-7480-711-9
301;Viagem de Joseph Língua;Romance;Pedro Américo de Farias;R$ 27,00;978-85-7480-448-4
302;Viagens na Minha Terra;Romance, Ilustrado;Ivan Teixeira, Almeida Garrett;R$ 38,00;978-85-7480-592-4
303;Vida e Morte de M. J. Gonzaga de Sá;Ilustrado, Romance;Marcos Scheffel, Lima Barreto;R$ 41,00;978-85-7480-765-2
304;Vitrola dos Ausentes;Romance;Paulo Ribeiro;R$ 36,00;85-7480-269-7
305;Voo Noturno das Galinhas, O;Contos;Leila Guenther;R$ 38,00;85-7480-323-5
306;Voz na Canção Popular Brasileira, A - Um Estudo sobre a Vanguarda Paulista;Música, Crítica musical;Regina Machado;R$ 31,00;978-85-7480-543-6
307;Voz que Canta na Voz que Fala, A - Poética e Política na Trajetória de Gilberto Gil;Música, Crítica musical;Pedro Henrique Varoni de Carvalho;R$ 62,00;978-85-7480-718-8
308;Wright  Artigas - Duas Viagens;Arquitetura, Ilustrado;Adriana Irigoyen;R$ 78,00;85-7480-086-4
309;Zé Ferino;Romance, Ilustrado;Rodrigo Penteado;R$ 34,00;85-85851-98-8
