{"chunk_definitions":[{"chunk_id":"c4ad2hzkyua41","chunk_label":"unnamed-chunk-1","document_id":"AE572A0F","expansion_state":0,"options":{"engine":"r","label":"unnamed-chunk-1"},"row":7,"row_count":1,"visible":true},{"chunk_id":"chttnxb1iuu56","chunk_label":"unnamed-chunk-3","document_id":"AE572A0F","expansion_state":0,"options":{"engine":"r","label":"unnamed-chunk-18"},"row":21,"row_count":1,"visible":true},{"chunk_id":"cr08c1asw53mr","chunk_label":"unnamed-chunk-4","document_id":"AE572A0F","expansion_state":0,"options":{"engine":"r","label":"unnamed-chunk-19"},"row":30,"row_count":1,"visible":true},{"chunk_id":"c7m3eiq5j0qh4","chunk_label":"unnamed-chunk-5","document_id":"AE572A0F","expansion_state":0,"options":{"engine":"r","label":"unnamed-chunk-20"},"row":37,"row_count":1,"visible":true},{"chunk_id":"cq0h1v5v7rk10","chunk_label":"unnamed-chunk-6","document_id":"AE572A0F","expansion_state":0,"options":{"engine":"r","label":"unnamed-chunk-22"},"row":45,"row_count":1,"visible":true},{"chunk_id":"ciylutwyq4cbt","chunk_label":"unnamed-chunk-7","document_id":"AE572A0F","expansion_state":0,"options":{"engine":"r","label":"unnamed-chunk-26"},"row":54,"row_count":1,"visible":true},{"chunk_id":"cgzw2neqfywlu","chunk_label":"unnamed-chunk-8","document_id":"AE572A0F","expansion_state":0,"options":{"engine":"r","label":"unnamed-chunk-28"},"row":62,"row_count":1,"visible":true},{"chunk_id":"cui4t66sb28ag","chunk_label":"unnamed-chunk-9","document_id":"3647BD1C","expansion_state":0,"options":{"engine":"r","label":"unnamed-chunk-52"},"row":75,"row_count":1,"visible":true},{"chunk_id":"czyal22tcbef0","chunk_label":"unnamed-chunk-10","document_id":"AE572A0F","expansion_state":0,"options":{"engine":"r","label":"unnamed-chunk-53"},"row":83,"row_count":1,"visible":true},{"chunk_id":"c1myqsjumoebe","chunk_label":"unnamed-chunk-11","document_id":"AE572A0F","expansion_state":0,"options":{"engine":"r","label":"unnamed-chunk-61"},"row":95,"row_count":1,"visible":true},{"chunk_id":"c6u55wdjm5ei1","chunk_label":"unnamed-chunk-12","document_id":"AE572A0F","expansion_state":0,"options":{"engine":"r","label":"unnamed-chunk-67"},"row":104,"row_count":1,"visible":true},{"chunk_id":"c54l4yy2ez7vc","chunk_label":"unnamed-chunk-13","document_id":"AE572A0F","expansion_state":0,"options":{"engine":"r","label":"unnamed-chunk-72"},"row":126,"row_count":1,"visible":true},{"chunk_id":"cl2oo5wsbzfkk","chunk_label":"unnamed-chunk-14","document_id":"AE572A0F","expansion_state":0,"options":{"engine":"r","label":"unnamed-chunk-81"},"row":139,"row_count":1,"visible":true}],"chunk_rendered_width":700,"doc_write_time":1590266716}