capitulo_ordinal,capitulo,titulo
1,I,Do titulo.
2,II.,Do livro.
3,III,A denuncia.
4,IV,Um dever amarissimo!
5,V,O aggregado.
6,VI,Tio Cosme.
7,VII,D. Gloria.
8,VIII,É tempo!
9,IX,A opera.
10,X,Acceito a theoria.
11,XI,A promessa.
12,XII,Na varanda.
13,XIII,Capitú.
14,XIV,A inscripção.
15,XV,Outra voz repentina.
16,XVI,O administrador interino.
17,XVII,Os vermes.
18,XVIII,Um plano.
19,XIX,Sem falta.
20,XX,Mil padre-nossos e mil ave-marias.
21,XXI,Prima Justina.
22,XXII,Sensações alheias.
23,XXIII,Prazo dado.
24,XXIV,De mãe e de servo.
25,XXV,No Passeio Publico.
26,XXVI,As leis são bellas.
27,XXVII,Ao portão.
28,XXVIII,Na rua.
29,XXIX,O imperador.
30,XXX,O Santissimo.
31,XXXI,As curiosidades de Capitú.
32,XXXII,Olhos de ressaca.
33,XXXIII,O penteado.
34,XXXIV,Sou homem!
35,XXXV,O protonotario apostolico.
36,XXXVI,Ideia sem pernas e ideia sem braços.
37,XXXVII,A alma é cheia de mysterios.
38,XXXVIII,"Que susto, meu Deus!"
39,XXXIX,A vocação.
40,XL,Uma egua.
41,XLI,A audiencia secreta.
42,XLII,Capitú reflectindo.
43,XLIII,Você tem medo?
44,XLIV,O primeiro filho.
45,XLV,"Abane a cabeça, leitor."
46,XLVI,As pazes.
47,XLVII,«A senhora saiu.»
48,XLVIII,Juramento do poço.
49,XLIX,Uma vela aos sabbados.
50,L,Um meio termo.
51,LI,Entre luz e fusco.
52,LII,O velho Padua.
53,LIII,A caminho!
54,LIV,Panegyrico de Santa Monica.
55,LV,Um soneto.
56,LVI,Um seminarista.
57,LVII,De preparação.
58,LVIII,O tratado.
59,LIX,Convivas de boa memoria.
60,LX,Querido opusculo!
61,LXI,A vacca de Homero.
62,LXII,Uma ponta de Iago.
63,LXIII,Metades de um sonho.
64,LXIV,Uma ideia e um escrupulo.
65,LXV,A dissimulação.
66,LXVI,Intimidade.
67,LXVII,Um peccado.
68,LXVIII,Adiemos a virtude.
69,LXIX,A missa.
70,LXX,Depois da missa.
71,LXXI,Visita de Escobar.
72,LXXII,Uma reforma dramatica.
73,LXXIII,O contra-regra.
74,LXXIV,A presilha.
75,LXXV,O desespero.
76,LXXVI,Explicação.
77,LXXVII,Prazer das dôres velhas.
78,LXXVIII,Segredo por segredo.
79,LXXIX,Vamos ao capitulo.
80,LXXX,Venhamos ao capitulo.
81,LXXXI,Uma palavra.
82,LXXXII,O canapé.
83,LXXXIII,O retrato.
84,LXXXIV,Chamado.
85,LXXXV,O defuncto.
86,LXXXVI,"Amai, rapazes!"
87,LXXXVII,A sege.
88,LXXXVIII,Um pretexto honesto.
89,LXXXIX,A recusa.
90,XC,A polemica.
91,XCI,Achado que consola.
92,XCII,O diabo não é tão feio como se pinta.
93,XCIII,Um amigo por um defuncto.
94,XCIV,Ideias arithmeticas.
95,XCV,O papa.
96,XCVI,Um substituto.
97,XCVII,A saida.
98,XCVIII,Cinco annos.
99,XCIX,O filho é a cara do pae.
100,C,"«Tu serás feliz, Bentinho!»"
101,CI,No ceu.
102,CII,De casada.
103,CIII,A felicidade tem boa alma.
104,CIV,As pyramides.
105,CV,Os braços.
106,CVI,Dez libras esterlinas.
107,CVII,Ciumes do mar.
108,CVIII,Um filho.
109,CIX,Um filho unico.
110,CX,Rasgos da infancia.
111,CXI,Contado depressa.
112,CXII,As imitações de Ezequiel.
113,CXIII,Embargos de terceiro.
114,CXIV,Em que se explica o explicado.
115,CXV,Duvidas sobre duvidas.
116,CXVI,Filho do homem.
117,CXVII,Amigos proximos.
118,CXVIII,A mão de Sancha.
119,CXIX,"Não faça isso, querida."
120,CXX,Os autos.
121,CXXI,A catastrophe.
122,CXXII,O enterro.
123,CXXIII,Olhos de ressaca.
124,CXXIV,O discurso.
125,CXXV,Uma comparação.
126,CXXVI,Scismando.
127,CXXVII,O barbeiro.
128,CXXVIII,Punhado de successos.
129,CXXIX,A D. Sancha.
130,CXXX,Um dia...
131,CXXXI,Anterior ao anterior.
132,CXXXII,O debuxo e o colorido.
133,CXXXIII,Uma ideia.
134,CXXXIV,O dia de sabbado.
135,CXXXV,Othello.
136,CXXXVI,A chicara de café.
137,CXXXVII,Segundo impulso.
138,CXXXVIII,Capitú que entra.
139,CXXXIX,A photographia.
140,CXL,Volta da egreja.
141,CXLI,A solução.
142,CXLII,Uma santa.
143,CXLIII,O ultimo superlativo.
144,CXLIV,Uma pergunta tardia.
145,CXLV,O regresso.
146,CXLVI,Não houve lepra.
147,CXLVII,A exposição retrospectiva.
148,CXLVIII,"E bem, e o resto?"
