"0","df_turma_clean <- df_turma %>%"
"0","  filter(!is.na(Celular)) %>%"
"0","  select(Celular) %>%"
"0","  # remove espurios"
"0","  mutate(Celular=str_remove_all(Celular,""[- \\(\\)]"")) %>%"
"0","  mutate(lgt=str_length(Celular)) %>%"
"0","  mutate(Celular=case_when(lgt==9 ~ str_c(""21"",Celular),"
"0","                           lgt==8 ~ str_c(""219"",Celular),"
"0","                           lgt==13 ~ str_sub(Celular,start=3),"
"0","                           T~Celular)) %>%"
"0","  mutate(lgt_new=str_length(Celular))"
"0",""
"0","df_turma_clean"
